frame_nmr,vehicle_id,car_bbox,license_plate_bbox,license_plate_bbox_score,license_number,license_number_score
0,4.0,[2198.0 1045.0 2775.0 1732.0],[2416 1559 2581 1641],0.5623583197593689,NW51TSU,0.4180470914615204
2,4.0,[2196.9712904733315 1048.9973786070343 2773.911167657594 1751.0607582432528],[2414 1567 2581 1650],0.520747721195221,NU51VSU,0.3968526148452795
3,4.0,[2196.532525332843 1051.380258992634 2774.3775965058057 1757.887778539502],[2416 1570 2585 1653],0.5774152278900146,MU51VSU,0.1840019018577606
4,4.0,[2196.7304997631113 1053.1518906523856 2775.764460429165 1760.237923262754],[2415 1572 2586 1655],0.5973480939865112,HW51VSU,0.05906501979502666
5,1.0,[750.0100932126811 1389.7749725754156 1415.6038165700406 2006.2983590312133],[966 1801 1182 1892],0.46849602460861206,NA13NRU,0.3863135998858712
10,1.0,[732.8411453191907 1409.5436839856752 1406.449732147838 2045.5741735124689],[948 1844 1162 1932],0.535510241985321,NA13MRU,0.16879634139498276
11,4.0,[2210.894882216985 1155.3058756037772 2774.5097672613474 1802.1233071712204],[2422 1616 2597 1699],0.5727843046188354,MV51VSU,0.6004285995304324
12,1.0,[728.5609561900117 1426.0806433465475 1402.4535760167462 2064.2662176245863],[954 1857 1157 1948],0.5497658252716064,MA13NRU,0.3825367560968411
13,1.0,[723.8849281034078 1434.8719571233 1399.7295474464313 2072.160451638754],[965 1863 1152 1956],0.5532577037811279,MA13NRU,0.19608668876139634
14,4.0,[2209.0641681940706 1172.5114168040504 2779.5694452410244 1815.8639646568445],[2430 1630 2602 1711],0.6333568096160889,AV51VSU,0.3184297265258473
15,1.0,[711.1746623484892 1449.0268842048445 1389.3586702348566 2083.2723973004236],[932 1885 1140 1975],0.5196604132652283,NA13NRU,0.3312862271453209
17,1.0,[699.1069053443014 1456.941059632716 1379.904932874878 2086.375062410155],[929 1902 1138 1991],0.4672667980194092,NA13NRU,0.3858578350308527
18,1.0,[696.9579360337668 1459.6784536489913 1379.0059314713715 2078.637987358038],[916 1904 1137 1998],0.5494695901870728,NA13NRU,0.2767416554526793
21,1.0,[675.0488785550292 1492.1827488094023 1371.1688147900882 2110.995792699514],[919 1935 1131 2026],0.5076856017112732,NA13NRU,0.347784691079948
21,3.0,[1200.1300273356376 1059.083549535349 1726.180408924006 1498.1721512770282],[1407 1320 1539 1408],0.4789814352989197,CX15OGJ,0.16805249426770236
22,1.0,[669.1449428547255 1498.3998056974929 1370.4451538700507 2123.8932953481603],[907 1944 1131 2036],0.49834194779396057,NA13NRU,0.39288476981463055
23,1.0,[661.5298103291607 1506.626865368111 1370.5597442038463 2137.4861055315314],[903 1949 1119 2042],0.5375736355781555,NA13MRU,0.6909625705396101
24,4.0,[2236.8262576706 1225.9270274498392 2803.988302487639 1843.69372254642],[2447 1698 2622 1784],0.627248227596283,MT51VSU,0.13524582342757693
24,1.0,[656.273619360428 1511.0827661541277 1371.2530003227898 2140.1616521556207],[897 1960 1119 2060],0.5235109329223633,MA13NRU,0.5492210791710394
25,1.0,[651.0833511095678 1515.673974608997 1371.682941183501 2141.707734211164],[915 1967 1117 2063],0.4911789894104004,NA13MRU,0.5815000424730442
26,4.0,[2235.3369531777016 1254.5682976034914 2806.9106313878337 1864.267307751316],[2439 1709 2621 1797],0.6090481877326965,MJ51MSU,0.02066239084883575
26,1.0,[648.6313312078748 1522.393802707395 1374.5205554643355 2142.0808051029153],[904 1979 1110 2071],0.4417278468608856,NA13NRU,0.37918175920689773
27,1.0,[647.1716261825964 1529.3700192563876 1369.808351778094 2139.3157071790265],[916 1993 1114 2084],0.5111789107322693,NA13MRU,0.42797262081867454
28,1.0,[648.4394579473615 1537.100144827903 1371.6296646054222 2143.8741924552965],[910 1998 1109 2088],0.5313583612442017,NA13MRU,0.3869795491921608
31,1.0,[642.7397859467997 1561.9518715387644 1370.20550180527 2156.5896751370083],[853 2023 1089 2128],0.5220947861671448,MA13NRU,0.34450664206472154
33,1.0,[632.3953842602931 1575.6979170581021 1369.8457587437006 2160.0612223872263],[877 2048 1094 2140],0.6025222539901733,NA13NRU,0.5406385330314974
35,1.0,[613.0986974008342 1585.6554683093145 1366.348688644991 2162.9544850370476],[901 2075 1081 2150],0.4000859260559082,NA13NRU,0.5696641659912381
42,3.0,[1144.033264165667 1105.9331366957013 1705.142914743213 1592.5901465158],[1356 1420 1510 1505],0.4472641348838806,GX15OCJ,0.28294479448629256
43,3.0,[1141.9166272944083 1108.6712761116714 1703.9821423408782 1596.5105890199861],[1353 1418 1506 1504],0.47037386894226074,GX15OCJ,0.23955692071355522
44,4.0,[2252.9752841269333 1354.913602135483 2859.277972315234 1988.2692656155004],[2475 1837 2662 1928],0.6543639302253723,WT51VSU,0.07674096263201484
44,3.0,[1143.4816508556703 1115.555105502409 1707.8157161909955 1601.7215025659414],[1343 1423 1500 1508],0.4774378538131714,GY15OGJ,0.3586354343682666
49,4.0,[2260.093121311839 1377.1252592766998 2876.360916456841 2073.021231959838],[2478 1875 2672 1967],0.6337538361549377,NW51YSU,0.07786328742977047
52,3.0,[1124.5653834076631 1152.1259324860055 1696.5260795362212 1641.761376202289],[1331 1478 1477 1553],0.41332516074180603,GX15OCJ,0.4182514977702039
57,4.0,[2266.072570989711 1432.0682792752843 2904.250974581563 2149.677928272574],[2498 1947 2700 2038],0.6558359265327454,NT51VSU,0.2521135818589653
65,4.0,[2285.343762498388 1481.780792339835 2924.20233398432 2137.378783866967],[2515 2003 2721 2098],0.6748209595680237,NU51VSU,0.36518667034145713
65,3.0,[1088.4682547098678 1193.2445874852765 1677.9083326454484 1705.1373655678508],[1305 1528 1461 1608],0.4952983260154724,GX15OGJ,0.29560923601649214
72,3.0,[1060.6032344596429 1226.3106901793233 1668.0660391039564 1742.2628764597305],[1289 1574 1447 1653],0.47715672850608826,GX15OGJ,0.2689946988955791
77,3.0,[1039.577065243533 1261.443834362848 1670.4148471317699 1783.4703008641955],[1286 1605 1451 1684],0.46313750743865967,GX15OGJ,0.23568034348136663
79,3.0,[1033.893551919893 1270.7195653863773 1673.1685018627954 1792.7419064597339],[1266 1614 1459 1699],0.4879814386367798,GX15OGJ,0.25241191532255414
80,3.0,[1030.0648916311097 1275.0281058270716 1672.3954037769 1799.13804896481],[1264 1616 1436 1704],0.5584034323692322,GX15OGJ,0.3582045096180052
82,3.0,[1022.5943242228697 1286.9738800204227 1659.746572240967 1814.2616706310832],[1267 1633 1441 1715],0.5532815456390381,GX15OGJ,0.36395061157554937
85,3.0,[1022.0303876451924 1287.3984589468282 1661.2445675922338 1829.1778636848953],[1258 1658 1427 1738],0.48344555497169495,GX15OGJ,0.2524022857495302
86,3.0,[1023.0451337248644 1295.2637729424334 1664.005794266969 1841.374812724165],[1257 1663 1425 1748],0.4912239611148834,GX15OGJ,0.3469139019972279
87,3.0,[1019.3559280290536 1299.214788561959 1660.7493149152951 1849.2725618434386],[1255 1666 1425 1752],0.5556735396385193,GX15OGJ,0.25931353384360206
89,3.0,[1014.6092254948812 1312.718782864451 1661.6307956149126 1867.3761304822565],[1246 1677 1421 1759],0.574467658996582,GX15OGJ,0.1550617725029052
91,3.0,[1004.320412227165 1329.4952481468938 1660.2471824614531 1882.5239754761644],[1240 1691 1424 1773],0.5539621114730835,GX15OGJ,0.4371234812716818
92,3.0,[1000.7981019650786 1339.0309035161522 1659.5437569160129 1889.720358058551],[1243 1705 1417 1783],0.5414320230484009,GX15OGJ,0.43339513465077956
93,3.0,[1002.0098616269443 1342.763484821607 1663.3751745927707 1894.538581126761],[1249 1710 1425 1792],0.5158519744873047,GX15OGJ,0.5565524936544656
94,3.0,[1000.0917996572678 1345.767873087552 1663.3973558371329 1900.2426988213958],[1245 1717 1418 1797],0.5295387506484985,GX15OGJ,0.32896125269967436
95,3.0,[997.0501899159894 1353.9693197438094 1662.5462654216617 1909.3103327187343],[1230 1713 1414 1802],0.561843752861023,GX15OGJ,0.6291830558404377
96,3.0,[993.6022818038368 1362.3389739309566 1660.6903225158412 1918.8472837608367],[1223 1729 1409 1814],0.5806183218955994,GX15OGJ,0.4987238675830545
97,3.0,[990.3891104848874 1367.3503133119177 1660.0278544350683 1926.0925121633657],[1230 1732 1407 1817],0.5827465653419495,GX15OGJ,0.4052855253186695
98,3.0,[986.2289522712949 1374.6501054878386 1658.9006557064777 1938.038395458209],[1226 1741 1405 1827],0.5939816236495972,GX15OCJ,0.21255150651668203
99,3.0,[980.5655136563164 1381.6874988326913 1658.7448553181594 1949.628358979307],[1225 1753 1402 1837],0.5359125733375549,GX15OCJ,0.5974917930809406
100,3.0,[976.8851528320337 1385.5909551276775 1659.0226529239953 1956.2650292447354],[1214 1754 1398 1842],0.5080686211585999,GX15OCJ,0.4694828982771889
101,3.0,[969.7990316693039 1387.8924211795188 1655.1388041724185 1962.7357164466903],[1215 1759 1407 1849],0.5546606779098511,GY15OGJ,0.25583829287840437
102,3.0,[965.2468031757764 1392.6627832755255 1653.693281612235 1969.9963410154821],[1215 1766 1400 1857],0.6104588508605957,GY15OCJ,0.586522189138605
103,3.0,[962.7757225261382 1394.85928750341 1654.027614177917 1974.5479606869067],[1214 1774 1395 1865],0.5856820344924927,GX15OCJ,0.49415099594551803
110,3.0,[936.4422711953655 1428.5491128428166 1644.7211039026413 2031.7529264241907],[1193 1835 1381 1920],0.5616424679756165,GY15OGJ,0.3422185194550981
111,3.0,[932.2437256159229 1438.477863917359 1643.944064015981 2043.0327846490775],[1189 1847 1382 1930],0.553898274898529,GY15OGJ,0.7897942209994855
113,3.0,[924.2415809177053 1452.8339003126903 1639.6376940148568 2060.66306940625],[1184 1855 1380 1945],0.5513501167297363,GX15OCJ,0.7689731441504214
114,2.0,[2054.3996305326327 1123.326380122873 2558.610748920373 1584.944447593051],[2230 1422 2414 1505],0.44183963537216187,AF05JEO,0.3851784826446488
116,3.0,[915.796753036509 1475.3615294450044 1637.5921203703774 2081.76696342954],[1170 1885 1363 1970],0.5411342978477478,GX15OGJ,0.45036307722326785
117,3.0,[909.9838302713872 1483.3937954792589 1635.0429011268304 2091.608105452343],[1171 1898 1358 1980],0.541994571685791,GY15OGJ,0.24332716433109194
118,3.0,[905.1438626177289 1488.329978988196 1634.2497046517349 2099.5218960322804],[1170 1900 1351 1987],0.5446522831916809,GX15OGJ,0.4853464934392162
120,3.0,[896.4294245433599 1504.2850731281878 1629.4339315260213 2126.150038709926],[1160 1913 1357 2010],0.6184137463569641,GY15OCJ,0.09909206152899497
121,3.0,[892.4364151044379 1509.9956520444994 1628.4272076717803 2134.675902360911],[1156 1920 1357 2014],0.5714962482452393,GY15OGJ,0.09966017278561665
122,3.0,[887.4070688007798 1514.9791770498264 1623.893854465873 2141.1229678265813],[1154 1933 1341 2021],0.5761921405792236,GY15OCJ,0.21151916133356324
123,3.0,[884.6788888874364 1521.0137025858542 1621.2090697430951 2145.4610578998772],[1148 1947 1332 2034],0.5554623007774353,GX15OGJ,0.40592101102250633
125,3.0,[873.6234480700682 1529.931817393221 1614.0122710637493 2151.540658455203],[1145 1956 1335 2049],0.60969477891922,GY15OGJ,0.4565734593700849
125,31.0,[2273.026288589104 1580.0737091734163 2935.52834059326 2134.2771400758384],[2511 1949 2718 2046],0.44447872042655945,LM13VCV,0.23693823886083845
126,3.0,[862.1029537481693 1533.6086783378887 1611.8521209226863 2152.2094682549314],[1135 1972 1327 2062],0.5564359426498413,GI50GJI,0.2540104711719078
126,31.0,[2273.9980823405226 1587.1226588536929 2939.1028540541624 2137.410875127846],[2513 1953 2707 2046],0.46442556381225586,LM13VCV,0.4729665469790068
128,3.0,[843.3775762253089 1540.7034700476954 1604.569412853275 2154.3490452970027],[1125 1995 1335 2082],0.5742729902267456,GX15OGJ,0.3469495007639959
128,31.0,[2273.359786267926 1587.0450483473505 2946.1717156291534 2135.469361902863],[2516 1974 2716 2065],0.4993058443069458,LH13VCV,0.354352044311069
129,3.0,[839.7952939702566 1543.3018343977694 1604.1082986565555 2155.5991197558897],[1119 1999 1321 2091],0.6392577886581421,GX15OGJ,0.31305635548804445
130,31.0,[2274.09681577928 1598.2618176683882 2954.3102363311614 2141.6086744129443],[2525 1988 2720 2087],0.6160551905632019,LM13VCV,0.48115914347203803
131,3.0,[829.5306093200589 1555.8853773219898 1592.605897759268 2165.3348899087705],[1118 2022 1306 2112],0.5881800055503845,GX15OGJ,0.3034010708653192
131,38.0,[1114.1631965810366 1096.5226508143814 1601.397737649584 1537.5055144765556],[1278 1363 1432 1432],0.4643419682979584,XH05ZZK,0.2615368603380586
132,31.0,[2274.6397361677436 1615.911254830205 2961.92119597285 2153.1470364817897],[2528 2008 2724 2108],0.6164233088493347,LM13VCV,0.27344524170443657
132,3.0,[833.5345530873428 1575.3511250494362 1600.0081839889085 2172.3115396327094],[1116 2038 1301 2121],0.544845700263977,GX15OGJ,0.4203059076933326
133,31.0,[2276.6345882430523 1623.903850801564 2967.6205094611905 2157.082794751191],[2534 2012 2727 2112],0.5942075252532959,LM13VCV,0.23247225908207172
134,3.0,[836.7107415557416 1610.9920354989927 1605.7932200545506 2177.5682421965685],[1106 2048 1302 2139],0.6685848236083984,GX15OGJ,0.22155747579300986
134,2.0,[2056.532288314896 1193.5219128789565 2593.9357865401694 1675.1920591804267],[2262 1514 2446 1594],0.45315834879875183,AP05JEO,0.449817868577246
135,31.0,[2282.591524928371 1637.5003416680422 2978.591331475522 2163.450077745025],[2524 2037 2734 2135],0.6322869658470154,LN13VCV,0.5540726621203413
135,3.0,[829.7935367502707 1618.0970863950547 1600.3319884536638 2175.465812096062],[1103 2064 1297 2152],0.5973960757255554,GX15OGJ,0.362908603030417
135,2.0,[2063.1201099074847 1196.7123839895094 2602.014101254302 1681.5866486458458],[2249 1516 2436 1599],0.42251789569854736,AP05JEO,0.8864619760698249
136,31.0,[2284.1827576147716 1645.1324908890952 2981.993925002984 2167.0494204350252],[2530 2040 2737 2137],0.6489369869232178,LM13VCV,0.3242258718222546
137,31.0,[2284.854342531564 1651.8065022678693 2983.6978889593483 2168.833125821036],[2533 2055 2744 2148],0.6688051819801331,LM13VCV,0.3522720502253279
137,2.0,[2067.6555999660536 1205.3406180510635 2607.730729908841 1695.3911680764816],[2253 1520 2447 1605],0.47812339663505554,AP05JEO,0.7757293383563263
140,31.0,[2284.344131137731 1678.6831776419517 2984.5268940230235 2171.9745323384145],[2545 2094 2748 2160],0.4264371395111084,LM13VCI,0.44555219657004036
140,38.0,[1091.3669588924674 1118.9290776481175 1585.2093654219204 1577.711775360889],[1256 1385 1415 1473],0.4095660448074341,KH05ZZK,0.9674226915160347
141,38.0,[1086.2959659487333 1120.9191092294302 1581.2956560292873 1580.2734664455977],[1257 1393 1408 1467],0.4487076699733734,KH05ZIK,0.4876303408387379
142,38.0,[1084.329540157884 1120.8226684309109 1579.3385221155959 1580.5732647519355],[1254 1401 1406 1480],0.5499868988990784,KH05Z7K,0.5054482259621514
143,2.0,[2069.169181475479 1230.3447025085839 2614.584899102719 1730.955691651095],[2285 1557 2454 1631],0.4005674421787262,AP05JEO,0.27369046143352027
145,38.0,[1075.2197922367882 1133.294421213105 1572.8769036725944 1593.279681047282],[1247 1413 1402 1495],0.5267465114593506,KH05Z7K,0.3161591909040547
145,2.0,[2068.8818545626923 1241.5976484595324 2615.5396695327395 1741.2998433018972],[2270 1562 2461 1643],0.5125100612640381,AP05JEO,0.14281617602533997
147,2.0,[2075.7092415985576 1249.132931369784 2626.4369112522495 1751.3128545378434],[2280 1573 2474 1652],0.5040082931518555,AP05JEO,0.3272551238970767
147,38.0,[1070.998337587697 1150.8695268389115 1570.7864462009913 1609.7739145595456],[1240 1422 1398 1505],0.4611029624938965,RM05ZZK,0.4023978385654842
148,2.0,[2075.289516880814 1250.9800689437805 2626.5825590942045 1755.6801881625136],[2272 1570 2466 1651],0.48639750480651855,AP05JEO,0.286786335985948
148,38.0,[1069.6972691847245 1154.2945578389283 1570.060308967952 1613.4063856687437],[1238 1422 1398 1504],0.48092591762542725,KK05ZZK,0.32099634903890706
149,2.0,[2075.543895545551 1253.804005403308 2628.081712534018 1761.4447752666965],[2279 1583 2476 1657],0.4317144453525543,AP05JEO,0.5399929325718051
152,2.0,[2078.3390442787204 1263.5824930763565 2632.886899113889 1781.477566396606],[2288 1602 2461 1680],0.5218786597251892,AP05JEO,0.5998056165847754
153,38.0,[1059.6598233526497 1171.3339596932756 1568.1170931619768 1631.234632037268],[1232 1450 1387 1523],0.4772428870201111,KH05ZZK,0.25844997580183043
153,2.0,[2081.7952308889576 1265.0736397308744 2638.708603863129 1788.352202293668],[2287 1610 2483 1692],0.4437260925769806,AP05JEO,0.3309770368659521
154,2.0,[2083.5254847181086 1266.3951905717224 2642.362889449115 1792.5206007412487],[2285 1609 2477 1693],0.5625396370887756,AP05JEO,0.3116002969116296
155,38.0,[1062.0838510622789 1180.7410408638161 1566.694653194902 1642.911204136522],[1225 1462 1386 1541],0.5179179906845093,KH05ZZK,0.15068440336620015
156,2.0,[2083.9102944935385 1275.400583415906 2647.146750332524 1810.241113447264],[2282 1617 2485 1701],0.5024219751358032,AP05JEO,0.33582611745833124
156,38.0,[1059.5325886632775 1180.8860534417163 1564.5039009166296 1645.8734424886898],[1219 1463 1386 1544],0.4870307445526123,KH05ZZK,0.15812586333177914
157,38.0,[1056.2113307219743 1182.2880050909341 1562.8536278068273 1651.2640016968242],[1222 1467 1384 1548],0.49613049626350403,KH05ZZK,0.2770797565179281
157,2.0,[2083.7320968883796 1278.2297386245518 2649.0970551715873 1815.5304369200107],[2286 1618 2499 1702],0.48538893461227417,AP05JEO,0.4124979362267623
158,2.0,[2083.8237237300377 1283.839477851312 2651.530474630829 1821.8348824585946],[2280 1626 2478 1708],0.4206168055534363,AP05JEO,0.3313359140366645
159,38.0,[1050.8896735514 1188.3537483638468 1559.5974565382862 1663.6900790061934],[1213 1475 1384 1558],0.5175308585166931,KH05ZZK,0.4922244488485484
162,2.0,[2084.2356473875493 1303.751005667277 2660.113675177737 1848.1637960522291],[2293 1658 2495 1742],0.5266808867454529,AP05JEO,0.29806435403693854
162,38.0,[1044.8448295352568 1195.394317929192 1558.6631734393645 1678.5499921307994],[1212 1482 1375 1564],0.49792322516441345,KH05ZTK,0.5304204050086233
163,38.0,[1041.9054997467056 1196.8507002393756 1558.2300705385733 1681.8334577900475],[1211 1488 1371 1566],0.5206339955329895,KH05ZTK,0.662647441707157
170,2.0,[2092.301305434655 1341.1347704658122 2688.8148974576275 1900.9652847776745],[2300 1707 2492 1786],0.4183806777000427,AP05JEO,0.17873167546736554
171,2.0,[2094.1023444780353 1345.8549894434022 2692.1588060958943 1906.548146640564],[2287 1707 2516 1795],0.535195529460907,AP35HEJ,0.09772248337311165
173,2.0,[2092.855046162332 1355.1088142939348 2695.311445587398 1918.6814128999845],[2307 1715 2513 1805],0.6017935276031494,AP05JEO,0.08629838231806537
173,38.0,[1010.495972987014 1244.5963776656124 1555.8844005327226 1736.0827180884974],[1194 1539 1360 1620],0.5479016900062561,KN0527K,0.159389629814671
176,2.0,[2095.5219637714517 1370.1258431032945 2702.9824211854966 1945.4167224264863],[2306 1743 2518 1827],0.47022536396980286,AP05JEO,0.22884666502542567
177,38.0,[1000.0018510017894 1262.8108549550063 1553.8840505100638 1764.005758072453],[1187 1562 1357 1646],0.5043565034866333,KH05ZIK,0.6729379318517063
178,2.0,[2099.1504918831947 1380.2628079288752 2708.6705964367397 1961.601018114629],[2306 1754 2520 1841],0.5849639177322388,AP05JEO,0.2853876102427722
179,2.0,[2100.711318643301 1385.785827188432 2710.43322789055 1968.1451525812572],[2314 1758 2536 1847],0.5504106283187866,AP05JEO,0.29872955610483665
179,38.0,[994.3973883428623 1272.5426739798506 1553.156089967614 1774.6670437513942],[1178 1570 1351 1652],0.5125217437744141,KM05ZZK,0.45879500128395323
180,38.0,[990.9576912114698 1278.4404641380358 1551.1823242308828 1779.9362283622447],[1179 1574 1351 1656],0.5051173567771912,RH05ZZN,0.35740822031192804
181,38.0,[989.0682020826002 1280.9235358803783 1549.8200998779766 1783.3240183148193],[1176 1576 1353 1663],0.6005695462226868,KH05ZZK,0.5578413108572734
182,38.0,[988.8702513303699 1289.8546734918496 1548.8962051693995 1792.6221931407413],[1176 1592 1348 1675],0.5702710747718811,RH05ZZK,0.21201231547748098
183,38.0,[989.9936152213445 1290.6233552812148 1550.0681000929771 1795.8340881279053],[1171 1601 1346 1680],0.5345057249069214,KH05ZZK,0.6722876643939474
183,2.0,[2102.3103150007046 1408.5840816289553 2722.88722752377 2002.4287890757234],[2339 1794 2543 1879],0.5262534022331238,AP05JEO,0.1798268204032643
184,2.0,[2103.371353998294 1411.598214579878 2727.512799393299 2009.690627127473],[2325 1798 2521 1877],0.5178245902061462,AP05JEO,0.1630434082618923
185,2.0,[2098.7512902886883 1420.0741286165676 2725.6833150819775 2017.1113338897358],[2327 1801 2547 1893],0.5897840261459351,AP05JEO,0.21684597946358533
185,38.0,[988.4306655360255 1295.1385344014577 1552.064935814777 1809.2210560874034],[1166 1609 1343 1696],0.5374277830123901,RH05Z7K,0.5811490208991338
186,2.0,[2096.929768676534 1426.2630614536502 2727.558437438386 2025.034492776852],[2324 1805 2548 1894],0.5037654638290405,AP05JEO,0.8518820263186283
187,2.0,[2102.236479395805 1429.2607193385577 2733.93621132288 2030.8933127470239],[2330 1812 2545 1898],0.5909071564674377,AP05JEO,0.29378950862753284
187,38.0,[982.3556915368251 1297.8271504585819 1548.287566381967 1821.0327581953961],[1159 1612 1343 1703],0.5734888911247253,KH05Z7K,0.6886078342093647
189,38.0,[970.5938928293776 1303.1877661142548 1545.582497074185 1833.5314459587407],[1158 1625 1337 1712],0.62617027759552,KH05Z7K,0.5399967718747666
189,2.0,[2103.7234223142887 1444.6679103645256 2745.2586891287756 2053.9027476897654],[2338 1837 2551 1922],0.5705430507659912,AP05JEO,0.5160961792150514
190,2.0,[2105.873916548403 1447.3210944334287 2751.0227845902355 2060.195418040101],[2342 1841 2555 1924],0.5364788174629211,AP05JEO,0.5524407290684878
190,38.0,[967.6830903614998 1310.2397751188203 1545.2306547926976 1841.6221635599388],[1155 1632 1339 1722],0.5328879952430725,KH05ZZK,0.6810974723616594
191,2.0,[2108.4304805441525 1452.9821404815095 2755.9075088160516 2067.9381632399604],[2339 1848 2568 1939],0.5786805152893066,AP05JEO,0.48092123615127225
192,2.0,[2108.5773120010235 1459.0187576463143 2759.093871671328 2074.3933913691135],[2331 1851 2576 1944],0.6210275888442993,AP05JEO,0.604159019992963
192,38.0,[959.5099790962629 1331.0233898266279 1542.7979051713007 1857.7843369653033],[1148 1652 1314 1733],0.5142458081245422,KH05ZZK,0.549656315135747
193,2.0,[2109.255946295242 1463.2599436279002 2762.7972757076486 2078.3807579694894],[2341 1855 2568 1947],0.5979205965995789,AP05JEO,0.6783670638782898
193,38.0,[956.3680221342771 1338.4602160989452 1541.8332607032025 1864.1786013626197],[1144 1653 1323 1740],0.5740088820457458,KH05Z7K,0.46012701586357807
195,2.0,[2111.4329147072544 1477.3981828404721 2770.813576253818 2097.724626633768],[2340 1883 2556 1969],0.5937149524688721,AP05JEO,0.41152814775239943
196,38.0,[946.9294407601476 1354.1808921169857 1530.8972204575223 1876.2776077413557],[1132 1665 1320 1754],0.5788581371307373,KH05ZZK,0.2652559721959695
197,38.0,[944.0938197186982 1357.1544026755028 1530.3206901005315 1881.3794884653512],[1127 1673 1317 1759],0.5885063409805298,KH05ZIK,0.3901024978124695
198,2.0,[2115.9763866330477 1491.0047751155093 2782.196838145106 2116.531202431602],[2347 1898 2591 1991],0.6210241317749023,AP05JEO,0.5779463519366868
198,38.0,[935.1087996657809 1363.0951624913655 1520.5257708682727 1889.9042828504676],[1134 1692 1312 1773],0.573667049407959,RH05ZZK,0.3462718875111739
199,2.0,[2122.9630664983333 1498.5356443980097 2788.4856496367884 2124.845467381451],[2348 1902 2586 1996],0.6293341517448425,AP05JEO,0.2467389845351764
200,38.0,[929.2075983107364 1375.4691233173887 1511.038192582591 1904.0317523207175],[1124 1703 1306 1787],0.5478057861328125,KA05ZIK,0.2900570268738502
201,38.0,[927.0809534913733 1382.7185926303969 1508.9486093880705 1910.2252728884764],[1118 1706 1305 1794],0.533929705619812,KA05ZZK,0.28373917807002424
202,38.0,[925.5454940984425 1389.1080174534022 1509.0781000900472 1916.398817079556],[1113 1712 1299 1799],0.5209787487983704,KN05ZZK,0.0930030334975771
203,2.0,[2128.4448347648568 1523.7613934303079 2797.533558601249 2158.365122389757],[2376 1943 2600 2035],0.6116832494735718,AP05JEO,0.6399309356611819
203,38.0,[923.7168954935884 1393.7478183446976 1507.946883337585 1923.330457107222],[1110 1713 1298 1802],0.5921668410301208,KH05ZZK,0.5550866638261172
204,38.0,[920.6962123794488 1401.6119044321715 1508.7132018571065 1933.1898153815866],[1109 1717 1296 1805],0.5987434387207031,KH05ZZK,0.5982075187076348
205,38.0,[918.5980767242108 1403.413978657154 1508.8167661969146 1936.4206738470261],[1101 1728 1294 1818],0.595973551273346,KK05ZZK,0.3142739818887187
206,38.0,[915.9858645339264 1408.9087731212626 1507.5653166252455 1944.8530647712773],[1099 1735 1288 1823],0.5639731884002686,KH05Z7K,0.7126123105816737
207,2.0,[2140.9133595511844 1550.6015821097267 2809.5896629051435 2162.9421271773176],[2377 1980 2606 2067],0.56074458360672,AP05JEO,0.24110055477030579
207,38.0,[911.2047706251053 1414.5784889514332 1507.1142124282385 1955.1899445039023],[1096 1747 1281 1833],0.5496189594268799,KH05Z7K,0.5120091988137873
208,2.0,[2142.233360559935 1555.9494623231935 2813.0473320274423 2160.620272487698],[2381 1982 2612 2075],0.5913147330284119,AP05JEQ,0.1363906906028562
208,38.0,[905.7517225652102 1417.2108913102843 1506.161940802752 1961.5085635251494],[1094 1747 1278 1836],0.5805891156196594,KH05ZZK,0.30424777281767734
209,2.0,[2145.2765290939906 1559.3689692412543 2816.2164244830856 2157.9816740223932],[2378 1992 2615 2083],0.600878894329071,AP05JEQ,0.2626765382151965
209,38.0,[900.0811757266086 1421.1231152379125 1502.373133168766 1967.784002000344],[1082 1756 1275 1844],0.544754147529602,KH05Z7K,0.19778597900837686
210,2.0,[2147.38190970304 1564.6459899875222 2820.8675483485185 2156.578298625744],[2380 1995 2614 2089],0.6298231482505798,AP05JEO,0.29988275772924333
210,38.0,[892.9355173701592 1426.011139934374 1496.296952905434 1973.5606387483429],[1079 1759 1276 1849],0.6076253652572632,KH05Z7K,0.15849104867163932
211,2.0,[2149.1139838232552 1569.316133376756 2827.4011390154033 2156.98031825429],[2379 1998 2617 2092],0.6500704288482666,AP05JEO,0.5140763510632651
213,38.0,[876.9460030945268 1445.9817733174714 1483.8638577536651 1995.7824637508656],[1073 1787 1264 1878],0.6043516993522644,KH05Z7K,0.7643070536727953
214,2.0,[2156.739903470394 1589.3739262001254 2848.061703406157 2163.834226679948],[2402 2037 2642 2130],0.6256403923034668,AP05JEO,0.5318127498729511
215,2.0,[2162.249083957577 1604.579548614133 2850.8669756944823 2169.8822381610316],[2396 2041 2652 2133],0.6190239191055298,AP05JEO,0.3263121102700786
216,2.0,[2165.1809668363962 1608.8131450429908 2854.137362251649 2168.8385138722783],[2397 2047 2651 2139],0.639114260673523,AP05JEO,0.19005500359300903
216,38.0,[858.438318799806 1466.653087126028 1470.9031250448656 2019.4269430941886],[1059 1804 1255 1896],0.5971807241439819,KH05ZZK,0.39416194932316123
217,38.0,[856.5462140339466 1473.191685784956 1469.2318316770018 2028.4324970203143],[1059 1807 1253 1899],0.6118760704994202,KH05ZZK,0.42865200090385763
217,2.0,[2170.06811347834 1619.7390233696242 2856.6076059978186 2171.211013015252],[2396 2062 2647 2149],0.5930154323577881,AP05JEO,0.3114596368115449
218,2.0,[2175.2671106212597 1618.6985075726834 2865.081486454678 2167.845505736404],[2401 2079 2639 2158],0.5817766785621643,AP05JEO,0.28737804336943684
219,2.0,[2178.6519525978442 1630.7580060421865 2873.186324190269 2170.7899520500614],[2418 2089 2684 2160],0.5492997765541077,AP05JEO,0.23538235188351736
220,2.0,[2178.1786764890885 1637.625378820651 2873.8562987488594 2170.63862727253],[2433 2093 2687 2160],0.5210750699043274,AP05JFO,0.3551859674943263
221,38.0,[837.5980047377977 1493.27355152989 1459.4931321721704 2057.8646131153478],[1038 1845 1236 1936],0.5565721988677979,KN0527K,0.08011677879967732
222,38.0,[832.9088080361379 1498.748789286142 1457.6673750384343 2065.928368605836],[1030 1852 1233 1941],0.5149784684181213,KN05ZZK,0.06988969898340097
223,38.0,[829.7244934579046 1502.6016714905008 1457.9628300124675 2073.3226233325113],[1029 1853 1233 1945],0.5726445913314819,KI0527K,0.09144064372048749
228,38.0,[812.2541347442659 1531.7178411818431 1455.4938645359828 2117.2586077385395],[1011 1897 1219 1991],0.5512797832489014,CN05Z7R,0.10479501651661442
236,38.0,[771.9083215166914 1578.6489345470993 1436.4116676593317 2162.0763606752103],[981 1963 1190 2061],0.5966033339500427,RM05ZZK,0.3486952468658341
239,38.0,[754.4977929792424 1588.2610999221577 1414.526372954196 2151.0630230902334],[967 1989 1182 2086],0.6232594847679138,KH05ZZK,0.3179311914502162
251,102.0,[2355.7542090525617 1122.385571391678 2834.432228424494 1508.030170890124],[2533 1414 2659 1476],0.4457661807537079,EY51XBD,0.09149650537829973
255,102.0,[2353.8268623466915 1120.9470650194003 2850.6510848864214 1519.5012142162632],[2537 1421 2674 1497],0.49158886075019836,EY61NBG,0.20102222519083787
273,108.0,[929.4543820521988 1477.8292938609188 1531.6012302634192 2035.1180858069142],[1127 1859 1313 1948],0.5567248463630676,FJ14ZHY,0.669734432667989
274,108.0,[928.2018651205078 1475.5699916912997 1530.9329773689685 2024.5774727463688],[1142 1872 1318 1960],0.604765772819519,FJ14ZHY,0.6766678072962409
276,108.0,[917.7709379205551 1492.0942887761305 1524.644560503277 2034.6544318100712],[1114 1893 1316 1985],0.6419358253479004,FJ14ZHY,0.24158644451121916
278,108.0,[911.4754070745595 1502.573307566974 1524.0315210732629 2043.5276184108702],[1112 1902 1306 1993],0.6117468476295471,FJ14ZHY,0.3448227172547548
278,102.0,[2347.4413911462457 1202.039576720409 2895.410579175373 1688.9815529371367],[2554 1519 2713 1602],0.48722028732299805,EY51NBG,0.14312875432060373
279,108.0,[909.5158358534911 1515.96568575591 1526.4427205492418 2062.3820679596834],[1103 1906 1298 1998],0.6401939988136292,FJ14ZHY,0.48287772540249035
281,108.0,[904.0962127944528 1530.6609309758865 1525.609240134046 2078.1963765179003],[1102 1925 1299 2016],0.6532424092292786,FJ14ZHY,0.508008727234219
285,108.0,[881.5893132389649 1554.8792423059724 1508.4295199734677 2087.708785875583],[1077 1954 1292 2049],0.6492045521736145,FJ14ZHY,0.3985025979501091
288,108.0,[866.4316481495036 1572.0482735775508 1501.8678815691744 2112.1308862637547],[1065 1985 1282 2086],0.6588379740715027,FJ14ZHY,0.23602823939985618
290,108.0,[859.7413076095936 1587.571180922322 1498.567525673358 2127.7175564668123],[1061 1994 1281 2096],0.6426389813423157,FJ14ZHY,0.773188891730053
290,102.0,[2359.0394230472857 1264.2192543016388 2925.2402598392964 1779.0750176104527],[2569 1593 2744 1659],0.5130236744880676,EY61NBG,0.6422006702073129
291,102.0,[2360.326983053342 1268.9704672095086 2930.8799064266286 1794.0689420297194],[2574 1606 2738 1673],0.5041695833206177,EY61NBG,0.6040063349611206
293,108.0,[847.3732297018139 1605.4330562215323 1497.101004364292 2146.1864090727436],[1056 2024 1273 2126],0.6824051737785339,FJ14ZHY,0.45003225996499513
294,108.0,[840.5005381933877 1614.1354288824168 1493.8413806231117 2150.606985989202],[1053 2043 1267 2135],0.6301463842391968,FJ16ZHY,0.4410043151813771
294,102.0,[2361.2041081964803 1281.9195989506713 2930.925642289593 1820.0253665336884],[2583 1614 2756 1694],0.5749021768569946,EY61NBG,0.38556176028927297
295,108.0,[836.6879447645244 1624.123326732047 1490.7349733336775 2154.9828789891208],[1048 2041 1269 2136],0.6393294930458069,FJ16ZHY,0.5692324128784968
295,102.0,[2362.2899269393565 1286.2754543194058 2932.08214217381 1828.029281075021],[2592 1617 2759 1699],0.5560399889945984,EY61NBG,0.3690275426276669
296,102.0,[2364.1333050481076 1287.748866335629 2932.300936504658 1832.1330153012964],[2580 1614 2763 1702],0.5710530877113342,EY61NBG,0.4900838069050171
303,102.0,[2367.4119348311674 1308.3510434118489 2964.8780446893875 1887.924047386226],[2590 1665 2774 1749],0.523500919342041,EY61MBC,0.18301377646763553
316,102.0,[2381.5791402936984 1381.8503985288241 3007.021953272744 1981.106222174368],[2623 1754 2805 1831],0.5418263673782349,EY51NBG,0.3177557681983062
324,102.0,[2383.426560202618 1416.4787757356594 3052.6931399715277 2053.723092848561],[2634 1805 2834 1895],0.6301343441009521,EY61NBG,0.7933794728229941
325,102.0,[2384.9385066736877 1423.6481022925866 3056.771524749888 2061.230179954817],[2631 1804 2837 1895],0.6043614745140076,EY61NBG,0.383034608337288
327,102.0,[2389.5521433944646 1444.935904489461 3063.2727233113123 2078.543160475725],[2641 1838 2835 1920],0.5806220769882202,EY61NBC,0.39397789615461903
330,102.0,[2397.4787242276416 1469.2190845471107 3074.797744016476 2106.9252816616568],[2643 1849 2851 1939],0.5860424637794495,EY61MBG,0.15859770899602602
331,102.0,[2398.433054367685 1476.6033148237982 3077.5369417859165 2119.637609628573],[2647 1852 2856 1942],0.617324709892273,EY61NBC,0.12264725603254636
335,102.0,[2403.329616851585 1495.1918610587818 3094.4659237464953 2144.718686200598],[2664 1898 2859 1981],0.6236639618873596,EY61NBG,0.549658852224242
336,102.0,[2409.4365548097385 1498.3497826393843 3106.7035422565286 2148.395550613614],[2658 1897 2867 1988],0.6261715292930603,EY61NBG,0.5206288072315319
337,102.0,[2411.6518646945133 1502.048145023359 3107.3405077719017 2150.7662465818858],[2660 1900 2871 1990],0.6303580403327942,EY61MBG,0.45253752047812423
338,102.0,[2413.5788602813195 1507.2933626150618 3105.632979263835 2153.932193163947],[2664 1915 2866 1997],0.6258236765861511,EY61NBG,0.6131774008638192
339,102.0,[2421.0423814109467 1514.1092028828853 3113.7278160332366 2156.433882485844],[2665 1925 2873 2012],0.6026675701141357,EY61MBG,0.7255424901659283
340,102.0,[2431.1555521834216 1519.3046248890673 3125.6462420859725 2157.645849306237],[2673 1939 2871 2015],0.5330211520195007,EY61NBG,0.8830961558760964
343,102.0,[2438.1166543605286 1534.1093216978395 3138.4139229659304 2145.004296205085],[2670 1949 2889 2039],0.6189205646514893,EY61NBG,0.37107065601110273
345,102.0,[2444.6198827396374 1551.3621367413612 3146.64132982936 2145.484572844497],[2686 1979 2888 2063],0.5998795032501221,EY51MBC,0.16714714029540098
363,164.0,[933.7682570000057 1354.6256380157113 1505.4287886702677 1847.3208502488694],[1121 1719 1298 1806],0.5356637835502625,JV04HVF,0.12279204362687893
381,164.0,[852.1095700911126 1449.1185322006984 1467.4143144890643 2019.196015806637],[1061 1857 1239 1938],0.4372095763683319,AV04HVA,0.1428811139035063
384,164.0,[841.944921121616 1464.9658737554696 1465.7076336273476 2052.5484096490272],[1041 1868 1225 1950],0.5390782356262207,LO51AVF,0.006838700441391375
425,212.0,[2317.9389312121707 935.7212494063863 3012.443590641669 1850.7779993749293],[2583 1705 2773 1798],0.6417950391769409,BG65USJ,0.6737691424781713
427,181.0,[985.8521202574071 1269.8930933789761 1496.148977561195 1666.5544273803175],[1140 1548 1298 1625],0.5093082189559937,NA54RCJ,0.1564944018554367
446,181.0,[938.0991387517582 1317.5703954774413 1467.116033569439 1746.254274886081],[1101 1624 1268 1708],0.4153924882411957,NA54KGJ,0.2189213355679138
455,181.0,[917.6904997567049 1354.6810954815091 1459.5925764888684 1789.9187811691581],[1079 1665 1256 1747],0.41473034024238586,HA54KGJ,0.14891123139662504
479,181.0,[860.5063421822119 1451.1461036762066 1435.836206925087 1921.3553228821947],[1048 1790 1224 1879],0.4069291949272156,NA54KGJ,0.19652149284653284
484,181.0,[854.3486839021211 1486.3969653141403 1433.3941613581328 1954.0690818277326],[1036 1818 1227 1903],0.4906236231327057,NA54KGJ,0.2564931436160145
493,181.0,[832.6130983993726 1530.693236894064 1428.9562627917912 2014.4717380499835],[1019 1874 1206 1964],0.562063992023468,NO54KGJ,0.08827622731887305
507,181.0,[807.0965036773898 1604.7387770243972 1411.8707699890022 2089.6247627170233],[995 1966 1188 2057],0.5604305863380432,NA54KGJ,0.3552064691766311
519,181.0,[769.4544751063668 1672.6792913479464 1410.1843010393495 2156.65011186813],[970 2047 1179 2140],0.5875912308692932,NN54KGJ,0.14464730961584987
526,255.0,[2314.945147355831 1181.8367190544254 2867.333935239283 1610.9195905227762],[2508 1500 2662 1569],0.5020599365234375,EF10@ZT,0.3393028894528063
530,255.0,[2318.435003252802 1199.336884421439 2863.056127439412 1640.9601188523654],[2510 1512 2669 1594],0.565361499786377,EF10DZT,0.21984506704801626
533,255.0,[2320.5540760142912 1206.0428515138406 2867.1122685212595 1662.114917685517],[2511 1523 2668 1606],0.5544013977050781,EF10DZT,0.57878705621414
534,255.0,[2323.292665853262 1207.9282360019424 2869.5414517264203 1669.0400883144498],[2512 1525 2664 1603],0.49392181634902954,EF10@ZT,0.41867805579273615
536,255.0,[2328.297976838583 1212.812121032172 2877.5330019879557 1680.140652442728],[2514 1531 2671 1611],0.608456015586853,EF10@ZT,0.34157818554258135
538,255.0,[2322.153097194067 1218.9014959484134 2867.4375353516266 1686.6835248320617],[2514 1536 2677 1614],0.6292092800140381,EF10@ZT,0.4399307301774323
539,255.0,[2321.497179782542 1224.9613822000306 2865.2715705331175 1693.2903014502508],[2512 1549 2673 1622],0.58598393201828,EF10@ZT,0.4521259799516389
540,255.0,[2322.7376659297584 1232.431327801094 2866.21263769226 1701.4197398214205],[2517 1553 2675 1623],0.5294461250305176,EF10@ZT,0.4750565230250999
541,255.0,[2323.761774831422 1236.8779388629744 2866.660398602616 1705.1837531468261],[2514 1554 2677 1626],0.5383570790290833,EF10@ZT,0.33515443134666306
543,255.0,[2324.532727396064 1243.3690645919366 2866.0604105402754 1709.7374960315003],[2520 1560 2686 1643],0.5601981282234192,EF10@ZT,0.09656979697597766
544,255.0,[2325.3672914593885 1246.2066982360707 2865.6284266247835 1713.3059881173658],[2522 1566 2686 1647],0.5888420939445496,EF10OZT,0.2805612955783151
545,255.0,[2326.344867458999 1249.8423113812355 2865.4437888637112 1719.6400834018987],[2517 1568 2687 1653],0.5510095953941345,EF10DZT,0.38523912909069874
546,255.0,[2326.8640701110444 1253.7641420822365 2865.865184353873 1724.4322725151483],[2523 1571 2690 1653],0.5402925610542297,EF10DZT,0.6294667144890536
547,255.0,[2327.637653163659 1254.8677736424693 2867.39290185965 1726.9939780749473],[2520 1571 2685 1654],0.5429176688194275,EF10@ZT,0.608299261252831
548,255.0,[2329.3847948614334 1256.7537408238047 2871.0723337052864 1730.782214715496],[2518 1574 2690 1658],0.6087912321090698,EF10@ZT,0.22911499805775426
549,255.0,[2329.6788742707986 1259.141002067679 2874.77013746757 1736.8033224779983],[2521 1578 2691 1661],0.6287583112716675,EF10DZT,0.3345808870472051
550,255.0,[2329.162105835564 1262.575443550615 2876.763549205235 1744.7787663119825],[2529 1583 2696 1662],0.6290217638015747,EF10DZT,0.3811194101778354
551,255.0,[2330.128651519864 1268.1645892357408 2880.884656416944 1753.6937070062556],[2534 1592 2693 1675],0.5883923768997192,EF10DZT,0.3510268543185848
552,255.0,[2331.153981675263 1272.045909382049 2881.0889192952736 1759.6015582649466],[2539 1598 2692 1676],0.5833268165588379,EF10@ZT,0.4775228865591431
553,255.0,[2330.820540095883 1275.745742373472 2879.875817455707 1765.8493310422775],[2536 1599 2691 1678],0.5698993802070618,EF10DZT,0.6015506353824109
554,255.0,[2332.235712554895 1279.3737162263337 2879.782954297758 1771.5740531098522],[2534 1609 2696 1692],0.6334131956100464,EF10@ZT,0.1736698520390509
555,255.0,[2334.6387911867446 1284.7986026396654 2880.4495540154726 1776.5805901704668],[2532 1609 2701 1694],0.6473637223243713,EF10@ZT,0.5486257358592407
556,255.0,[2337.327480866063 1286.8914709299684 2882.1447024104887 1779.4501989160049],[2527 1611 2701 1698],0.6342832446098328,EF10@ZT,0.554811088837935
558,255.0,[2341.0160589452366 1298.7409169922942 2884.6276716205343 1793.945332583891],[2525 1617 2703 1703],0.5933583378791809,EF30@ZT,0.2545187148277945
559,255.0,[2341.3652414312196 1303.1231326269212 2884.5492219612147 1800.3164958720326],[2528 1617 2707 1706],0.6129382252693176,EF10OZT,0.4732310541935812
560,255.0,[2341.5995299135398 1303.4389644469663 2887.6198917514525 1805.7242870609418],[2531 1628 2705 1708],0.6225951313972473,EF10@ZT,0.3651068609437773
561,255.0,[2342.2668785747715 1308.28451275083 2890.7573299173177 1811.2262219631261],[2532 1632 2706 1712],0.6381449699401855,EF10@ZT,0.5524308470056407
563,255.0,[2339.586637650386 1318.500207553213 2891.75794948271 1822.3614557101437],[2537 1642 2709 1725],0.6214332580566406,EF10@ZT,0.569359124220432
564,255.0,[2338.511728288268 1324.021192213688 2892.5133015514307 1827.4959459263935],[2537 1648 2713 1734],0.6094560027122498,EF10@ZT,0.7892864295204831
565,255.0,[2336.7571106918417 1326.1221799516532 2893.4436660540046 1828.4681408888216],[2537 1654 2712 1738],0.6204243898391724,EF10@ZT,0.7959506423257691
566,255.0,[2335.224070096312 1329.212020388014 2893.313983353748 1832.1100460150287],[2538 1658 2714 1744],0.6356468796730042,EF10DZT,0.38295690706542423
569,255.0,[2333.435362235624 1340.8749957947703 2894.2025638208243 1846.4086298041825],[2534 1664 2720 1756],0.6116847395896912,EF10DZT,0.2585984444279556
570,255.0,[2332.929496480752 1345.95161700085 2892.5579688273797 1852.7233467138753],[2537 1673 2717 1759],0.6315224170684814,EF10@ZT,0.36767619699876336
571,255.0,[2333.1303323144443 1348.6362459577244 2892.1762199844848 1856.0287768006297],[2542 1679 2718 1763],0.6428316831588745,EF10DZT,0.24751817124419434
573,255.0,[2337.071948377829 1357.6638830393322 2898.9833564060004 1867.6842839704673],[2545 1694 2717 1774],0.597008228302002,EF10DZT,0.20753516317466034
574,255.0,[2339.9664420878867 1358.382603638081 2900.3932041827643 1870.54842268742],[2542 1699 2721 1784],0.610772967338562,EF10@ZT,0.3828534347647167
575,255.0,[2341.6053113849084 1360.0823360407237 2902.3036051438276 1873.8372190155935],[2545 1706 2723 1791],0.6228845715522766,EF10@ZT,0.20560096747353665
576,255.0,[2346.9577985716855 1361.498471549897 2907.388729441663 1879.915924503627],[2547 1712 2722 1800],0.5873715877532959,EF10@ZT,0.6127079120721979
577,255.0,[2342.684166279747 1362.4972167017238 2909.0288515981492 1886.717465030472],[2549 1712 2724 1800],0.6143696308135986,EF10@ZT,0.37186786298549757
578,255.0,[2345.920761452907 1369.0500883998934 2911.901268739197 1899.1832182010512],[2546 1713 2728 1803],0.634695291519165,EF10@ZT,0.133448957633126
579,255.0,[2349.4877064351685 1375.4366718908082 2914.5004553949393 1906.9190060773258],[2548 1721 2731 1808],0.6544693112373352,EF10@ZT,0.30774131415661177
580,255.0,[2352.026593460046 1381.7441604958785 2916.831784939554 1910.8919064849865],[2546 1731 2725 1814],0.6342441439628601,EF10@ZT,0.22292018053602305
581,255.0,[2352.609863510263 1387.950620705797 2916.69990246919 1916.7631125008133],[2548 1739 2727 1821],0.6056179404258728,EF10@ZT,0.17340628236960381
582,255.0,[2352.365912366072 1389.7438449393476 2917.0233395545565 1918.5839361308435],[2548 1742 2734 1833],0.6157788038253784,EF10DZT,0.09280548684952944
583,255.0,[2351.7843149392493 1391.9391580536949 2918.203656514762 1919.4056772294189],[2546 1750 2729 1833],0.5833384990692139,EF10@ZT,0.2446478614076816
584,255.0,[2349.729602845294 1395.6694134459267 2917.1430632925085 1922.4021505464775],[2548 1754 2730 1839],0.5914538502693176,EF10DZT,0.19953970186010137
585,255.0,[2352.5688615184163 1399.5089964153606 2921.5421675001107 1927.3635364590489],[2553 1761 2739 1850],0.5896573066711426,EF10@ZT,0.8394535014486785
586,255.0,[2351.104098226716 1403.3485214204243 2921.771157838588 1933.115426772677],[2549 1758 2740 1849],0.5906326770782471,EF10@ZT,0.925428440920057
587,255.0,[2351.091156204378 1408.7375308026442 2926.4685878153427 1945.4519080631223],[2554 1769 2740 1854],0.6235551834106445,EF10@ZT,0.8064852295735417
588,255.0,[2351.5103817748445 1415.0059819745761 2931.0247154969907 1955.4126544199216],[2555 1775 2743 1865],0.647556722164154,EF10@ZT,0.8499718317782379
589,255.0,[2350.649243266827 1419.8556864943841 2933.6987210217017 1962.9356102774498],[2557 1781 2743 1868],0.6426737904548645,EF10@ZT,0.33370038376628397
590,255.0,[2350.3538679470093 1426.374053207951 2937.8675837589626 1970.5766946453573],[2556 1788 2743 1875],0.625674843788147,EF10DZT,0.19968256151923858
591,255.0,[2350.6245848392355 1431.2951532719048 2942.2518023411303 1978.525696840661],[2555 1799 2748 1888],0.6487486362457275,EF10@ZT,0.4139188166159089
592,255.0,[2351.278204864942 1435.5412905484313 2947.850577299649 1986.6509690163543],[2557 1800 2750 1889],0.6695970892906189,EF10@ZT,0.3046779891524892
593,255.0,[2349.4718815119095 1440.0584018812783 2949.324967951481 2000.1871051781964],[2554 1804 2752 1895],0.6109691858291626,EF10DZT,0.40550601426373195
594,255.0,[2352.1892069616324 1443.1352457076098 2953.569329715683 2011.4320615365502],[2558 1810 2752 1900],0.6436678171157837,EF10DZT,0.552802447883973
596,255.0,[2353.524113241433 1448.393996465927 2955.56033361392 2026.4982712140659],[2561 1820 2755 1911],0.646632969379425,EF10@ZT,0.3953054241131185
597,255.0,[2352.0258495566495 1448.415107535699 2956.6974499558482 2020.1164395889527],[2567 1831 2755 1916],0.6227701306343079,EF10@ZT,0.2872832727309537
598,255.0,[2351.361434588724 1451.4812979427484 2958.440970529579 2018.8522546526806],[2564 1836 2758 1924],0.6403117775917053,EF10DZT,0.48210978471630317
599,255.0,[2348.9905377569376 1458.6580737070049 2959.180149731553 2021.1871869217575],[2569 1847 2762 1936],0.6510463356971741,EF10@ZT,0.30707969300268095
600,255.0,[2348.5631246030784 1465.7855594558666 2961.525344154514 2026.5112677342306],[2567 1851 2762 1942],0.6536365151405334,EF10@ZT,0.31220715268824245
601,255.0,[2347.153206509319 1470.2392601413962 2962.942593334321 2029.0908027617443],[2571 1856 2764 1945],0.6145583987236023,EF10DZT,0.2962644784755824
602,255.0,[2350.395338656033 1479.9409877111289 2966.168204248453 2043.9525847924674],[2568 1856 2767 1950],0.6347558498382568,EF10DZT,0.8132123128084917
603,255.0,[2351.6865386824925 1483.8820764072811 2971.1828515043194 2049.013184965966],[2570 1868 2765 1955],0.6534016728401184,EF10@ZT,0.3218512946273848
604,255.0,[2350.177536909549 1488.3850245435729 2972.393750331748 2055.4170095000654],[2573 1873 2764 1963],0.6441337466239929,EF10@ZT,0.49377057179282263
605,255.0,[2349.2801927267446 1494.2658672505593 2973.095082704681 2068.351178047882],[2568 1879 2767 1970],0.6405106782913208,EF10@ZT,0.2557185243038283
606,255.0,[2351.3676698511345 1500.5825259160301 2975.429394642455 2079.269592984632],[2572 1894 2770 1983],0.6432103514671326,EF10@ZT,0.5619798279814072
607,255.0,[2352.3594761090594 1508.6336918340442 2976.042922682848 2091.7503170378122],[2567 1896 2770 1987],0.653637170791626,EF10@ZT,0.5380328344096856
608,255.0,[2354.6633627031897 1515.5434197313268 2978.843248068455 2101.3792400098046],[2571 1899 2771 1992],0.6349779963493347,EF10@ZT,0.20502171531693317
609,255.0,[2358.514934263457 1522.069300672771 2982.0747398294016 2114.4275336075416],[2570 1903 2773 1998],0.6501087546348572,EF10@ZT,0.5562076381064043
610,255.0,[2360.073123811921 1525.7807380254899 2983.1165388831273 2122.9389900606334],[2577 1911 2773 1999],0.6570321917533875,EF10@ZT,0.18157117249207624
611,255.0,[2360.5096867180705 1526.8173880423478 2982.9180887617426 2129.366465523839],[2578 1919 2777 2012],0.6539305448532104,EF10@ZT,0.6645741114344118
612,255.0,[2362.0301123353856 1529.7318684394727 2984.008086144213 2138.649292176046],[2576 1929 2780 2025],0.6749653816223145,EF10@ZT,0.4660385765001581
613,255.0,[2363.510390489321 1532.1041604712868 2985.390364853752 2145.7111163716813],[2575 1932 2777 2025],0.6550935506820679,EF10@ZT,0.2978199146175043
614,255.0,[2365.2783126500017 1539.3063293149955 2983.968692385931 2152.776461856137],[2582 1944 2788 2039],0.6682276725769043,EF10@ZT,0.8359468329975968
615,255.0,[2365.653103360583 1543.9890453169382 2983.6405993396224 2155.710860403823],[2579 1946 2787 2041],0.6412644982337952,EF10@ZT,0.5755294610695254
616,255.0,[2366.266829935269 1548.1992245405938 2984.2728177728677 2157.2498367736716],[2580 1949 2790 2045],0.656453013420105,EF10@ZT,0.2336807706458746
617,255.0,[2369.784693891 1557.252511913856 2987.03231385505 2158.477145914081],[2582 1960 2791 2055],0.652966320514679,EF10@ZT,0.2006627133839278
619,255.0,[2368.3322934582447 1568.1051664898116 2986.114149939536 2154.327619512078],[2585 1975 2794 2068],0.6634465456008911,EF10DZT,0.33455907536865304
620,255.0,[2367.8353496424857 1571.8431186481575 2983.7054858772576 2151.204953218935],[2591 1987 2797 2081],0.706786036491394,EF10@ZT,0.19394168483516766
621,255.0,[2368.1898839463615 1577.2052173641725 2984.8048562569697 2150.9827990707727],[2591 1994 2800 2088],0.6976639628410339,EF10DZT,0.2195212308277714
622,255.0,[2367.548256483907 1580.912949917687 2986.6043097832976 2148.929861671453],[2596 1998 2800 2090],0.6574550271034241,EF10@ZT,0.22974714183915249
623,255.0,[2368.137653139588 1587.6412367079133 2987.060695199156 2148.4262306124197],[2594 2000 2804 2096],0.694550096988678,EF10DZT,0.24197640808877643
625,255.0,[2372.709884179572 1595.7482253285712 2990.941201899845 2138.4751539927347],[2596 2017 2802 2108],0.6557995676994324,EF10@ZT,0.8627407405176367
626,255.0,[2372.8575602208834 1604.909437028764 2991.0188722851476 2143.1652695021603],[2593 2028 2807 2126],0.7020652294158936,EF10@ZT,0.19935429717338643
627,255.0,[2374.638486034266 1615.4936946998457 2997.1002192008646 2151.331478954362],[2597 2042 2809 2134],0.6848729848861694,EF10@ZT,0.5098557012882111
628,255.0,[2372.936486259685 1620.6427818838506 2997.1519163084686 2153.0530219709067],[2595 2039 2812 2137],0.6627193093299866,EF10DZT,0.3627401492074133
629,255.0,[2376.776048282687 1628.2051637461777 3008.2880359181727 2156.9755824726203],[2598 2045 2813 2141],0.6782674193382263,EF10@ZT,0.6558086232439192
630,255.0,[2379.030837514248 1631.8119160509962 3020.78041907743 2159.420486308004],[2599 2055 2811 2153],0.6701371073722839,EF10@ZT,0.7989199540731875
631,255.0,[2379.708292552056 1636.9929350943469 3027.544096608142 2161.4907441176574],[2599 2064 2812 2158],0.666674792766571,EF10@ZT,0.6776610339051131
636,103.0,[2246.145702869213 916.4983204111835 2656.0957546394175 1319.2942228528805],[2403 1181 2519 1252],0.43612900376319885,GJ05EPE,0.13078196092175517
646,187.0,[2265.0783588998183 1341.129980715455 2814.2943620252836 1834.1817234068667],[2450 1696 2636 1777],0.5121060609817505,AF65JKV,0.771364097076115
650,103.0,[2261.828333979475 954.6649794057602 2662.1477621729714 1359.9799840020698],[2411 1220 2522 1282],0.4357158839702606,GJ05TFE,0.46554260511337836
652,103.0,[2260.5217080368348 968.439269120992 2661.2003527858787 1371.7396990256198],[2410 1223 2527 1293],0.5037745237350464,GJ05EFI,0.18171962207667616
661,103.0,[2266.203053183197 988.5796903534433 2682.3102713049147 1390.0503164786096],[2413 1244 2537 1316],0.4014822840690613,DJ06EFL,0.2309456784151154
671,103.0,[2264.024250313181 1000.0728506534581 2695.087131289089 1423.5498163709892],[2408 1272 2544 1348],0.4395953416824341,GJ05EPL,0.4255593122553078
687,103.0,[2266.8287563282124 1063.888996751939 2706.9041605255666 1496.8345071489098],[2426 1320 2561 1394],0.5073409676551819,CJ06EPD,0.3585577760116095
689,103.0,[2269.658368168382 1066.9075479306769 2711.399859738223 1497.045616017521],[2422 1323 2562 1402],0.5343295335769653,GJ05EPL,0.18194671648772737
691,103.0,[2270.541771208946 1071.7617580133383 2712.760680063096 1501.7544466642753],[2420 1332 2560 1412],0.4237282872200012,CJ04EPL,0.07606516411095385
692,103.0,[2272.345981176942 1072.2126248747982 2715.1854801485892 1503.4134839951344],[2434 1333 2570 1411],0.408509761095047,DJ05EPD,0.4709049524903924
699,103.0,[2272.852025466826 1081.9231352037177 2732.7294298866896 1520.007770186518],[2447 1355 2576 1428],0.5227462649345398,GJ05EPD,0.2673024230896843
702,103.0,[2269.258955293259 1083.0069458904431 2736.9437151220077 1522.9935483372706],[2428 1364 2576 1443],0.5098049640655518,GJ06ERI,0.25914492669019407
708,187.0,[2325.0009296106573 1643.3812518717627 2984.6392196652405 2161.8545938065736],[2567 2082 2781 2160],0.6079902648925781,AF65JRV,0.2474107140630351
708,103.0,[2278.5639161143727 1093.7053419666472 2745.271639478029 1537.052722338602],[2430 1380 2590 1464],0.5203900337219238,GJ06EPD,0.42402823445304894
709,187.0,[2331.42281745447 1647.7208849263632 2987.8901008683592 2160.986034696354],[2564 2088 2782 2160],0.5996505618095398,AF65JKV,0.2917512885926499
729,103.0,[2283.349867005253 1164.996821043851 2781.1105002582426 1629.009203451928],[2466 1454 2619 1538],0.5434048175811768,GJ06EPO,0.1043731785077234
731,103.0,[2284.183832017201 1167.6708022785365 2784.631542859137 1632.7288108541497],[2470 1469 2623 1549],0.46800220012664795,GJ06EPD,0.6555881602731348
733,103.0,[2288.446519579345 1174.7873111994907 2788.81962499834 1641.2191724004854],[2468 1472 2620 1554],0.4804246723651886,GJ06EPD,0.2777906222953797
734,214.0,[1084.4451607752296 1023.5844455315265 1618.6375244371695 1534.7233482283018],[1267 1382 1414 1460],0.45311790704727173,LM15ZZC,0.18501611957179254
748,214.0,[1061.938181237463 1028.5051768406813 1599.2634246376626 1574.4048170416079],[1243 1431 1402 1513],0.558506190776825,LM15EZC,0.17277297490006968
749,214.0,[1059.3070497103454 1063.4717371747583 1594.9975512536944 1594.7505332650098],[1240 1423 1403 1514],0.5524150133132935,LM15ZZC,0.22825519343463707
752,214.0,[1054.0713880417077 1107.464520819839 1588.088296545531 1616.5327288296216],[1239 1451 1388 1524],0.5692265033721924,LW15ZZC,0.2006943624449214
758,103.0,[2308.0271475362874 1256.7742607156763 2827.445752144726 1756.269529288015],[2500 1575 2661 1654],0.5347152352333069,GJ06EPD,0.19071849813193356
758,214.0,[1049.4711885455094 1164.722369914918 1566.9803534032553 1622.9794234278015],[1227 1474 1382 1556],0.5127671360969543,LM15ZZC,0.3121573216478156
765,214.0,[1035.82311042583 1189.1095977376385 1554.897676654203 1652.135964543851],[1213 1499 1371 1581],0.5889135599136353,LA15ZZC,0.29569040393257057
768,103.0,[2312.5286883713084 1280.9272628770598 2846.537241431852 1801.8598399455834],[2501 1620 2672 1704],0.5520622730255127,GJ05EPD,0.36130815894769264
769,103.0,[2313.091590350275 1280.9910524710049 2849.963470859198 1806.6434029045295],[2499 1619 2674 1706],0.5973265767097473,GJ06EPD,0.4680999243547143
771,103.0,[2311.556883610425 1281.6079241228117 2852.9146381216833 1813.2849797410804],[2502 1632 2671 1714],0.610499382019043,GJ06EPD,0.3995416263898648
774,214.0,[1003.2891383290514 1211.8132157827943 1545.9721874397303 1695.7965479418478],[1191 1531 1357 1613],0.6184545755386353,LM15ZZC,0.11653613424465276
775,214.0,[1001.718882070347 1214.2443064521283 1545.9455469327975 1700.9823650418973],[1187 1538 1352 1615],0.6118742227554321,LW15ZZC,0.27069347041015773
776,103.0,[2313.1952112857693 1308.6994312559095 2856.8373488952116 1840.643025749151],[2502 1658 2675 1744],0.6034845113754272,TJ06EPD,0.1552564127829249
776,214.0,[1000.4678059995356 1216.7847333076095 1546.068161886555 1704.989692451212],[1188 1547 1349 1626],0.579480767250061,LU15ZZC,0.24440572461324933
777,214.0,[995.711604842113 1219.794430357898 1543.9892521040692 1710.736359755413],[1189 1552 1344 1630],0.515741229057312,LW15ZZC,0.4820808836571429
778,214.0,[993.7882091261903 1220.4226622803592 1543.4404988388092 1712.5214695398479],[1179 1556 1348 1641],0.5882906913757324,LM15ZZC,0.20066605095257833
779,214.0,[989.9233131153564 1227.686027015083 1541.9221076788417 1718.9816616098603],[1183 1564 1349 1647],0.5134540796279907,LA15ZZC,0.13467808275039506
782,214.0,[977.417867722739 1246.9868783075026 1537.1785853991244 1733.8901433159162],[1166 1570 1333 1654],0.5403395891189575,LN15ZZC,0.41744514360010476
785,103.0,[2315.079421902479 1355.9899064095894 2870.21219274175 1893.1880340258576],[2506 1707 2688 1798],0.6029027700424194,LJ06EFD,0.1937920876857026
787,103.0,[2313.434805671165 1363.3947123467033 2873.7457831145384 1903.5686879724258],[2512 1715 2689 1799],0.5686429142951965,GJ05EPD,0.21603036379679078
789,214.0,[958.7348434556329 1269.6543828632907 1519.0821985437706 1759.8880433642485],[1155 1612 1318 1696],0.5988232493400574,LU15ZZC,0.2928581018623178
791,214.0,[956.0831429789175 1277.5941343306838 1514.8846001133845 1774.8652863144237],[1138 1615 1323 1706],0.5916467905044556,LM15ZZC,0.4603821618615176
794,214.0,[949.7428009702209 1285.9940446473186 1514.530118994368 1798.854915653904],[1135 1626 1310 1710],0.6095165610313416,LN15ZZC,0.3996566467335657
795,214.0,[946.9710939686204 1290.295549362765 1513.1529389641603 1807.658014615592],[1133 1641 1304 1721],0.6231178641319275,LN15ZZC,0.1757807146201234
796,214.0,[941.8366034251419 1292.2893886456527 1509.0046543601468 1812.9442523988546],[1132 1639 1306 1724],0.6205106377601624,LN15ZZC,0.5442123217454186
797,214.0,[939.8374740471468 1296.7492587875156 1509.5739801090945 1816.8148538834655],[1133 1651 1300 1738],0.5861045718193054,LM15ZZC,0.5956022644863326
798,103.0,[2313.928041072756 1412.1870489513472 2888.8284172896765 1976.8143568513974],[2527 1781 2697 1860],0.5737976431846619,GJ06EPL,0.46565153359219746
799,214.0,[938.8088740283243 1302.3621092039962 1511.9775995737587 1825.5618062217536],[1123 1661 1296 1749],0.5978984832763672,LU15ZZC,0.6380769211717898
800,103.0,[2312.7717376413466 1416.81741840196 2889.703163936293 1984.7222288269759],[2531 1788 2707 1879],0.5907345414161682,GJ06EPD,0.37255590008920364
800,214.0,[933.9351257714411 1308.7296791967324 1509.9626979340892 1831.4806483987554],[1117 1662 1297 1752],0.5725120306015015,LA15ZZC,0.1898652651040212
801,214.0,[927.0906936384307 1314.7102263517863 1507.1220722676844 1837.7049208751332],[1112 1666 1286 1754],0.5903424620628357,LH15ZZC,0.22006943363937514
803,214.0,[921.9318420192234 1325.1263189922518 1505.0829710134553 1844.5701728165038],[1114 1678 1283 1761],0.6481534242630005,LW15ZZC,0.30031958906855877
804,214.0,[918.610377327607 1329.5299698334602 1504.3543481767908 1848.1722504139289],[1107 1686 1279 1772],0.64236980676651,LM15ZZC,0.46452570287561334
805,214.0,[916.3110068180097 1332.6843617090744 1503.944365299709 1851.0195541058388],[1111 1692 1277 1774],0.596714973449707,LM15ZZC,0.14368192056231996
806,214.0,[907.4570798203567 1337.3251072101282 1499.4954170279157 1856.8498472281233],[1101 1700 1274 1786],0.5904250741004944,LM15ZZC,0.3140384330245113
807,214.0,[902.2776452810928 1343.0316609237043 1497.807751847272 1863.9672585967933],[1100 1707 1274 1796],0.6081411838531494,LM15ZZC,0.2207386134104289
808,214.0,[898.0032347191261 1349.4789823082992 1496.370292903873 1872.5356553801757],[1096 1708 1270 1797],0.6101357936859131,LN15ZZC,0.4701245506080506
809,214.0,[891.5569577933911 1355.7247250435444 1492.3237283232747 1882.77718165537],[1087 1709 1274 1801],0.5805007815361023,LU15ZZC,0.244926021131037
810,214.0,[885.5077522791569 1361.9147010588802 1488.032207764362 1892.9623686454245],[1080 1711 1271 1805],0.6247844099998474,LU15ZZC,0.42945655198446575
810,103.0,[2310.9383727430572 1471.5752160628404 2904.5906365033675 2047.2880817035898],[2519 1851 2719 1944],0.6158995032310486,GJ06EPD,0.46795125920285663
811,214.0,[882.9692633249498 1363.8090845274683 1486.8325815177586 1900.1994178113487],[1081 1713 1269 1806],0.629128098487854,LM15ZZC,0.42462595071730924
812,214.0,[876.1050037167411 1367.6045682024296 1480.0636766732578 1907.349060228938],[1080 1726 1259 1810],0.6414269208908081,LM15ZZC,0.5273004324410141
812,103.0,[2312.665911241294 1480.159515251706 2906.880881940268 2059.3739375834207],[2531 1862 2722 1948],0.6244964003562927,GJ05EPD,0.37042106354483095
813,214.0,[869.0984489415334 1371.9339967795863 1472.298985350775 1914.65629586158],[1074 1734 1256 1820],0.604587733745575,LM15ZZC,0.4926867989333105
817,214.0,[859.4113025716772 1387.2834595347072 1471.499802555454 1941.651734486702],[1063 1754 1251 1848],0.5913041234016418,LU15ZZC,0.22003453380088242
818,214.0,[855.8199911773819 1392.0054480124459 1471.228559148597 1947.942030536627],[1062 1758 1246 1850],0.597398579120636,LM15ZZC,0.18532543303477841
820,214.0,[849.9486182933313 1399.4483208326287 1469.3777664609518 1964.8939935549947],[1053 1763 1241 1858],0.6176803708076477,LN15ZZC,0.922001691300612
821,214.0,[845.6869256043594 1405.676751039041 1467.0419241256384 1974.0526144691944],[1052 1776 1235 1869],0.6373504400253296,LN15ZZC,0.1670460087859528
822,103.0,[2315.5609875049695 1530.2300388561189 2928.8591282820817 2135.621118664988],[2536 1931 2738 2025],0.6098032593727112,AG30GEP,0.2216132306523368
823,214.0,[834.0549995972422 1424.308082593282 1459.3554141423454 1996.8594482816466],[1049 1793 1227 1884],0.6181217432022095,LN15ZZC,0.5257055924753976
824,324.0,[2293.4467764207307 1167.4657752347152 2852.102444196267 1601.3084077356616],[2502 1466 2648 1541],0.49739497900009155,DA03CLI,0.1610597341426048
825,214.0,[824.9248177587837 1435.0601482804684 1457.385132306937 2014.1981484672376],[1034 1807 1225 1898],0.6108440160751343,LN15ZZC,0.2567346558102909
826,214.0,[823.7945003113086 1437.7321527037548 1458.195038803256 2018.5674117307353],[1031 1805 1227 1899],0.6253513693809509,LN15ZZC,0.40428114099623763
827,214.0,[821.1697783239875 1441.1282459685422 1456.9680621524844 2022.6442410681761],[1025 1809 1222 1903],0.6455672383308411,LN15ZZC,0.21441943331412125
828,214.0,[817.1417036268292 1446.1884788582108 1454.4864894033706 2026.5437255319578],[1023 1820 1214 1915],0.6481988430023193,LN15ZZC,0.36172685012885575
829,214.0,[814.8613569850563 1448.6856852724286 1452.5118949751723 2029.0126471676945],[1022 1825 1212 1915],0.6311526298522949,LM15ZZC,0.44485723219474316
831,214.0,[806.9804956879723 1460.5251143668438 1448.039490546247 2042.5954285955568],[1013 1844 1205 1937],0.6266512870788574,LM15ZZC,0.4753122621041451
832,214.0,[802.7874665838513 1463.725120848294 1443.1292480196166 2045.2864247958046],[1010 1853 1202 1945],0.6123385429382324,LM15ZZC,0.4170003657468386
833,214.0,[797.7269450338222 1468.0081944967772 1441.652920860317 2050.052995406766],[1001 1851 1199 1947],0.6007787585258484,LM15ZZC,0.9183587131958247
834,214.0,[789.337650654989 1471.9741276309826 1438.609736922394 2054.3888014971044],[1001 1856 1191 1949],0.636622428894043,LN15ZZC,0.5892987258732973
835,214.0,[784.1884020632049 1475.2014938952054 1435.7001532968231 2055.92098207467],[997 1861 1192 1954],0.6269538998603821,LN15ZZC,0.6251745438732642
836,214.0,[782.7110378184868 1485.1305297403007 1436.9404590696256 2063.7840641636317],[997 1870 1185 1965],0.6339370608329773,LN15ZZC,0.7338248681073697
837,214.0,[781.2080974292749 1493.4842155883312 1436.5994652510503 2072.2929542558954],[991 1882 1184 1976],0.6496666073799133,LM15ZZC,0.742192476791154
838,214.0,[776.9077628618011 1495.9811878231494 1434.5122865351086 2075.1845932922834],[982 1888 1181 1983],0.6569220423698425,LM15ZZC,0.6158158825086644
839,214.0,[770.9616565055876 1500.1508070379912 1431.0342958982842 2081.8401155709817],[974 1898 1178 1992],0.6437868475914001,LM15ZZC,0.4229337591951784
840,214.0,[766.1857368283738 1509.8434421411425 1429.810339806603 2097.4527877346018],[973 1897 1180 1996],0.6336219906806946,LM15ZZC,0.6900014077598363
841,103.0,[2326.0419788201802 1640.104733167564 2974.5936346936173 2164.0445242385226],[2551 2068 2760 2160],0.6457697153091431,QJ06EPD,0.14787281227349386
841,214.0,[761.1857246996695 1516.4850546620435 1428.1576510410414 2107.88226777246],[974 1899 1177 1997],0.6409702301025391,LM15ZZC,0.6376694418477893
842,214.0,[758.5332593600483 1522.8982735647746 1426.5223104555994 2115.383932045531],[972 1907 1173 2005],0.6451526880264282,LM15ZZC,0.5260569499827111
843,214.0,[755.7509588441383 1530.5306213634108 1421.9954947900476 2122.417306136518],[968 1917 1169 2016],0.6529108881950378,LN15ZZC,0.6418089357068836
844,214.0,[750.8272244778541 1534.9049986419202 1417.1560849465095 2125.8061759957527],[968 1923 1164 2017],0.6428632140159607,LN15ZZC,0.4848981582003306
845,214.0,[744.0927352865474 1538.6007861849116 1409.9380838182205 2129.8685172296896],[962 1935 1161 2028],0.6600589752197266,LN15ZZC,0.6054560721282383
846,214.0,[739.1425381133361 1542.999190276866 1406.5440933837879 2134.5466643164814],[952 1943 1159 2037],0.6332662105560303,LN15ZZC,0.5803437251741705
847,214.0,[737.5164890788196 1550.1993625578682 1408.4989287503827 2138.893893238417],[953 1947 1158 2042],0.6154411435127258,LN15ZZC,0.32027786303531885
848,214.0,[734.7863709197687 1554.5330015441111 1407.007045082863 2139.214971233398],[948 1949 1152 2044],0.6469216346740723,LN15ZZC,0.3142598743242998
850,214.0,[736.258426553266 1560.5970174721106 1405.69853755547 2130.4734210719403],[944 1964 1144 2061],0.6222043633460999,LN15ZZC,0.3618728010020594
851,214.0,[726.295187714066 1567.4665217807892 1394.294461303512 2135.146134253273],[941 1978 1140 2072],0.6493830680847168,LN15ZZC,0.2945251483821884
853,214.0,[715.4551700700104 1578.52138713652 1382.7250955990207 2140.5557196900118],[931 1990 1139 2087],0.6166563034057617,LN15ZZC,0.48997999634304645
855,214.0,[712.1551491611395 1583.8411263894716 1379.5358373066847 2142.0474233735877],[924 2001 1134 2099],0.6708929538726807,LN15ZZC,0.3676365302054464
856,214.0,[708.4084585608873 1585.244843194517 1375.9366879815072 2142.1976150173487],[922 2009 1132 2111],0.6672630310058594,LN15ZZC,0.5880343797855008
857,214.0,[699.9527704791535 1588.1888294940964 1373.3341780742116 2144.813883470318],[917 2022 1129 2120],0.6570775508880615,LN15ZZC,0.6178614677422529
858,214.0,[696.0883834056525 1590.8353592763995 1371.2674485745215 2146.6497322617306],[914 2036 1122 2133],0.6736598014831543,LN15ZZC,0.6160811637135628
859,214.0,[693.5013535004304 1592.6061435837273 1370.5282304236816 2146.9999349531245],[912 2043 1120 2135],0.6532284617424011,LN15ZZC,0.3070606122154235
861,214.0,[695.512989338002 1619.850865223853 1369.8364842858207 2153.388203505316],[904 2052 1112 2145],0.6723061800003052,LN15ZZC,0.36004676123938245
862,214.0,[692.6238835246553 1628.557476032223 1367.3432567170526 2155.904496987596],[899 2059 1112 2154],0.6624025702476501,LM15ZZC,0.44172923781170664
865,214.0,[687.7565655723681 1647.5093437653854 1364.458098356242 2163.0329504076617],[883 2092 1102 2160],0.625817596912384,LN157ZC,0.10923984271889654
867,351.0,[2173.2082414314673 877.7562075632775 2663.4955871432385 1396.1204293772828],[2361 1254 2485 1322],0.59637051820755,EV06VVS,0.15674312130495063
869,351.0,[2169.9202841374595 877.2369407608245 2663.767464820777 1402.563934004098],[2352 1261 2489 1334],0.631028950214386,EV06VUS,0.3368890364370451
870,351.0,[2169.2787082165783 876.5226060543132 2665.3815877459488 1405.0653911233258],[2361 1264 2491 1338],0.6129793524742126,EV06YDS,0.363748091880507
871,351.0,[2169.382048509816 876.7429306106372 2666.288732143368 1407.3306208401582],[2356 1265 2491 1337],0.6290545463562012,EV06VOS,0.11251523806570368
872,351.0,[2167.811168858223 874.9733850856028 2666.9237187866865 1405.9816231186533],[2368 1271 2493 1346],0.42793047428131104,EV06VDS,0.1585516935492826
874,351.0,[2168.4790430731164 878.308012862464 2668.6855280791215 1414.8731077567757],[2361 1278 2493 1356],0.5264321565628052,EY03VUS,0.04769949384512823
880,351.0,[2166.0679535619165 888.0945080015128 2678.0667404739524 1435.453907203654],[2357 1289 2492 1365],0.5320616364479065,EY06YRS,0.028938633489487667
882,351.0,[2164.999285031794 893.0422663332974 2681.301161385304 1444.328149213909],[2360 1295 2492 1370],0.5822441577911377,EY06YOS,0.07195146519775607
885,351.0,[2158.5946299475027 897.6974275042421 2682.0549674687554 1460.8683781468317],[2361 1310 2500 1382],0.6338416934013367,EY06VOS,0.18790287812465126
886,351.0,[2156.2520832987993 894.6835820366688 2683.356127713275 1462.1503384497205],[2353 1310 2495 1384],0.6105239987373352,EY05VVS,0.10315546070119401
887,351.0,[2147.0526100396073 816.5399683441979 2683.6697083533927 1432.379172470844],[2353 1312 2497 1386],0.6402801275253296,EY05VVS,0.44700141782423114
889,351.0,[2140.9759709773643 745.1984928478897 2688.896715770604 1436.0403062071186],[2355 1318 2494 1393],0.5495120286941528,EY06VVS,0.15574424161159586
891,351.0,[2134.1848243656877 712.2203380693991 2688.4377512320725 1454.1923425403638],[2361 1324 2493 1403],0.5671059489250183,EX06VOS,0.10861253156351347
897,427.0,[2146.1051846718415 921.0610079022554 2694.7830452757985 1503.6460396817324],[2344 1340 2495 1418],0.5570521354675293,EV05VVS,0.07539522035727596
906,427.0,[2127.251827949617 768.6563836187474 2700.1403543161587 1498.6114385508108],[2344 1373 2496 1459],0.6181075572967529,EV06WOG,0.12233156691100984
913,427.0,[2124.627599468713 747.5184316506679 2690.4654725922646 1555.7856058440743],[2343 1396 2493 1473],0.606486439704895,EY06VWS,0.09933149993682276
919,427.0,[2123.209766559579 775.8238150488435 2689.1750343612334 1593.6094046071423],[2330 1423 2491 1502],0.5979458689689636,EV06YOS,0.08971404769443042
922,427.0,[2119.939753333204 722.9488633159917 2688.609954771153 1598.2528497561157],[2324 1431 2489 1510],0.5927276611328125,EY06VOS,0.3054002857254934
924,447.0,[2122.571381777384 959.3297858870271 2700.561521023649 1614.7080603262364],[2329 1444 2489 1522],0.5996708273887634,EY06VVS,0.42356454455796694
927,447.0,[2118.9775420106753 964.8697834393552 2699.151326109848 1632.6973952978447],[2329 1456 2486 1534],0.5886669158935547,EY06VDS,0.1437758754585979
934,447.0,[2117.1067906696835 998.8226189659606 2688.109886338688 1671.8856397598645],[2320 1477 2481 1558],0.5704615116119385,EY06VOS,0.13939198217372992
938,447.0,[2115.084688025399 990.2800091240481 2690.89943174696 1689.0890966410245],[2317 1501 2489 1582],0.6329792141914368,EY06TUS,0.0127885454880459
944,447.0,[2108.6053671678796 1012.1989081049217 2698.1435272169606 1715.3785068399682],[2317 1527 2483 1607],0.5710353255271912,EV06VOS,0.23234669403777597
945,447.0,[2107.5812916796935 1025.213303682079 2697.8256162529055 1726.6272358613285],[2314 1526 2482 1611],0.6239674091339111,EV06VOS,0.15202297025498626
946,447.0,[2106.9716468953543 1032.4686298269082 2697.2924802966813 1729.6311451635145],[2320 1531 2480 1610],0.5987959504127502,EY06VUS,0.21026756704787006
949,447.0,[2104.9069595320925 1031.7245765356508 2702.2282796734717 1734.7266331890444],[2325 1550 2484 1627],0.5793614387512207,EY06VIS,0.17525061762880448
953,447.0,[2101.696058472325 1062.4339443941249 2703.1675228615036 1766.9696901180146],[2319 1572 2487 1652],0.5545251369476318,EY06VDS,0.42305887964529193
961,447.0,[2096.662430884771 1079.2098899386128 2707.5946001641328 1801.6933383119172],[2313 1605 2491 1691],0.655906617641449,EY06VUS,0.229088319546785
962,447.0,[2096.8779977351305 1080.4421258129935 2709.7414081524266 1808.640475028016],[2315 1613 2492 1695],0.6192843914031982,EV06VMS,0.4294409018216333
988,447.0,[2093.737130635911 1156.1279249422805 2753.795597798695 1967.0067068937674],[2331 1756 2527 1849],0.6132598519325256,EY06VUS,0.316587581088297
992,447.0,[2098.486610726625 1160.686228673926 2770.064355919117 2002.1708608870626],[2346 1786 2535 1877],0.627091109752655,EY05WVS,0.12432325024299867
996,447.0,[2102.336819396731 1161.869656486807 2784.026057280048 2030.3759756820505],[2356 1810 2546 1900],0.6447426080703735,EY06WOS,0.13078149818536064
997,447.0,[2102.8045081567384 1163.5997806610042 2787.1076325470017 2039.9538987513763],[2355 1818 2547 1907],0.6766578555107117,EY06VVS,0.30913547724663865
998,447.0,[2104.620006384396 1170.6068512684517 2791.099818856179 2054.5865315761475],[2354 1826 2551 1918],0.703376293182373,EY06VOS,0.1257285143868017
1004,447.0,[2110.2682809884463 1185.741160385061 2811.471927199922 2090.1195482200746],[2366 1866 2565 1957],0.6989584565162659,EY06VDS,0.17459492339991328
1018,447.0,[2127.8406777495857 1223.4798924158197 2840.711228941298 2144.541432031154],[2398 1969 2605 2067],0.7053998112678528,EY06VMS,0.13065379167286525
1385,679.0,[2242.2907599561913 1317.2341588743252 2818.286559233664 1887.225084034354],[2461 1722 2641 1808],0.6072085499763489,LP14LJA,0.4209697425500284
1392,679.0,[2254.7285834013664 1345.1039190670426 2852.6357263043874 1940.2744271154243],[2469 1759 2666 1849],0.6049945950508118,LP14LJA,0.3102199090312012
1394,679.0,[2257.3156770610353 1348.1052409801357 2856.195424103071 1948.6600027187762],[2475 1760 2673 1852],0.6306412220001221,LP14LJA,0.7123867903910606
1406,679.0,[2274.285286785306 1393.435724214705 2894.364606872782 2005.6008627204208],[2504 1825 2698 1919],0.6670960187911987,LP14LJA,0.1955805013456867
1407,679.0,[2275.174617199906 1400.9185506158233 2896.633888900133 2010.037175583319],[2506 1835 2702 1924],0.642525851726532,LP13LJA,0.3713647198577659
1410,679.0,[2278.4015798652717 1414.0793123875294 2903.11954412004 2024.101399663465],[2513 1852 2713 1944],0.6203922033309937,LP14LJA,0.3982223412417127
1411,679.0,[2278.537603345812 1417.4790959949755 2904.766512516939 2029.4532374802438],[2514 1850 2715 1943],0.632135272026062,LP14LJA,0.29389904278423223
1412,679.0,[2277.0436604783226 1419.4189005334717 2905.4964237398617 2034.4723001737796],[2515 1854 2717 1946],0.660572350025177,LP14LJA,0.5225650840710674
1413,679.0,[2278.651930433173 1422.1773518639661 2910.656108833119 2040.6060005492059],[2515 1857 2716 1952],0.682790994644165,LP14LJA,0.4655608626599009
1416,679.0,[2281.909165664786 1437.5765215411172 2920.5206209616226 2057.2802167184336],[2525 1879 2722 1973],0.6477928757667542,LP14LJA,0.5082867057558194
1417,679.0,[2283.366375284598 1439.642260083816 2924.0839326182895 2059.7839892049988],[2527 1881 2727 1975],0.6538441777229309,LP14LJA,0.5125518403012257
1421,679.0,[2285.972602043254 1459.2812264657186 2923.5390420849903 2079.7825315514747],[2532 1902 2734 1994],0.6385208368301392,LP14LJA,0.22727873606995647
1422,679.0,[2286.2095316131176 1467.1092045257947 2925.3343999446893 2089.438470166317],[2533 1905 2737 1997],0.6742799878120422,LP14LJA,0.2879970997111448
1427,679.0,[2285.902591306848 1487.4384416763169 2941.998435914582 2125.8789537132902],[2545 1936 2753 2034],0.6624665260314941,LP14LJA,0.5534584461599317
1442,679.0,[2323.550188774379 1547.752803804037 2994.075632499786 2159.479080015062],[2574 2021 2787 2125],0.669105052947998,LP14LJA,0.3088647078165574
1449,679.0,[2338.5175009695977 1584.663039205902 3018.1273203698747 2161.430411333893],[2591 2071 2803 2160],0.6615316867828369,LP14LJA,0.39625490330893076
1590,855.0,[1080.0205170498966 986.1240717508206 1565.179519237467 1466.5422117204073],[1253 1306 1384 1372],0.4757194221019745,CE61WIL,0.6385826689899443
1600,855.0,[1059.3692428455277 1005.8341721814778 1562.2487496171323 1499.9527197270431],[1240 1336 1382 1411],0.42939648032188416,CE61LYL,0.24181197652314237
1603,855.0,[1055.0319290649138 1007.692301549044 1564.2216859601274 1508.5344106414834],[1227 1347 1365 1418],0.42319002747535706,CE61LYL,0.23840431101248558
1604,855.0,[1054.2171950535223 1012.7362030330657 1564.129649968587 1514.9215276015764],[1239 1358 1369 1422],0.47625288367271423,CE51LYL,0.23655998853545418
1605,855.0,[1055.302610962317 1019.4584986852715 1564.073989153926 1521.5046205843782],[1236 1358 1371 1429],0.48005732893943787,CE51UYL,0.3739340369407161
1609,855.0,[1051.0828737581355 1033.1816065297232 1561.853835284015 1533.6459670852867],[1224 1372 1375 1449],0.4304795563220978,CE51CYL,0.28080852979200027
1616,855.0,[1032.717967205801 1061.3012289506776 1552.9592751829928 1575.3202844680484],[1213 1398 1359 1469],0.49116051197052,CE61WYL,0.42847279699922713
1617,855.0,[1030.0378359973456 1064.769641797785 1550.9514961476793 1579.5123567540086],[1209 1399 1352 1471],0.5818066596984863,CE51WYL,0.17619143502569687
1623,855.0,[1009.4117377858377 1055.01510881008 1540.7827975468692 1591.6060489920876],[1205 1422 1341 1501],0.5142074227333069,CE61CYL,0.2145126025726024
1625,855.0,[1010.6807052837133 1071.417464271514 1544.9097377430644 1605.7457416529817],[1198 1426 1339 1504],0.4341997504234314,CE61CYL,0.10648392152177043
1628,855.0,[1006.6743720107451 1078.5262469376248 1546.1562386512182 1615.9377337253636],[1198 1437 1334 1514],0.5443927049636841,CE61MYL,0.625432877574677
1629,855.0,[1007.4861697697155 1086.1416153070716 1545.9537572502645 1623.370452188916],[1187 1445 1342 1520],0.44645950198173523,CE61NYL,0.3029823688364276
1640,855.0,[976.4117794698334 1114.3554878066957 1532.5539713777005 1674.3109587410677],[1171 1481 1330 1560],0.4884498119354248,CE61MYL,0.406106574339999
1641,855.0,[973.5065992646587 1116.6027861485313 1532.934064188656 1680.6988912737402],[1173 1486 1337 1564],0.5263711214065552,CE61MYL,0.4724651391427187
1642,855.0,[970.8643377132204 1121.8422792560054 1530.162181576095 1686.985852068979],[1165 1493 1334 1567],0.510942816734314,CE61WYL,0.6365103485539141
1644,855.0,[963.078747631874 1134.5515920568293 1528.5242975847998 1698.039822351747],[1174 1502 1330 1574],0.4890212416648865,CE61MYL,0.39584631470818665
1647,855.0,[951.8077521622596 1151.4733364157162 1525.2834471177998 1710.938128187155],[1156 1518 1325 1600],0.5098017454147339,CE61UYL,0.5723224582970374
1651,855.0,[945.7003290674402 1159.52411659019 1523.400408952914 1722.0748919932446],[1153 1528 1316 1609],0.5708155632019043,CE51WYL,0.45652760600511816
1653,855.0,[951.0327763903028 1156.7478806053327 1524.73019872861 1723.72107959191],[1157 1542 1315 1618],0.5721110105514526,CE61NYL,0.4433968498643174
1655,855.0,[952.3707070899211 1163.1358407796088 1524.9096032097393 1735.8941979197753],[1152 1550 1320 1626],0.5055717825889587,CE61MYL,0.20616528954955524
1656,855.0,[951.4238253342696 1167.2701759038466 1523.7731445401319 1741.9326941394158],[1151 1554 1311 1629],0.4647214114665985,CE61WYL,0.11010022019116911
1657,855.0,[950.6612355772892 1170.2705533362057 1523.1481849605952 1747.1392349033001],[1153 1557 1315 1634],0.4830159842967987,CE61NYL,0.5683574055989765
1660,855.0,[948.2404370205842 1188.4454930516454 1519.0091566595165 1770.754818162054],[1140 1570 1303 1647],0.44412142038345337,CE61LYL,0.6873911506690128
1661,855.0,[947.7127540173113 1194.3655971732949 1518.725901808678 1776.2430541612846],[1134 1570 1299 1649],0.4516942799091339,CE51MYL,0.20350036160453638
1664,855.0,[945.2476844380387 1207.1818579824967 1516.141461322565 1788.9596359646898],[1139 1599 1300 1669],0.5438557267189026,CE51JYL,0.1532160480912973
1665,855.0,[943.1545393647743 1209.760943658338 1514.7737193823828 1790.6742439177],[1136 1602 1293 1674],0.48672589659690857,CE61UYL,0.22730443859309693
1667,855.0,[939.3836964281343 1218.4928420857711 1514.5782808712445 1810.4283643558917],[1130 1605 1283 1682],0.5354190468788147,CE61CYL,0.27100154462865705
1668,855.0,[937.7076868535765 1219.8937465727424 1513.6692926749047 1816.9334205903099],[1131 1610 1284 1689],0.5455897450447083,CE61MYL,0.6460819976621882
1669,855.0,[935.6144544197116 1219.3349672821346 1512.8843337867836 1818.2281120832304],[1121 1617 1292 1696],0.47670769691467285,CE61MYL,0.2229815792686146
1670,855.0,[928.3111391888069 1221.7164811329353 1508.7118599930982 1821.7099486006155],[1120 1616 1288 1696],0.4902890920639038,CE61WYL,0.2746922438476541
1671,855.0,[925.5831680049563 1226.6858696940335 1507.1615480002702 1827.179935814359],[1117 1619 1291 1702],0.5411717295646667,CE61MYL,0.4423270329690294
1673,855.0,[922.5162439152201 1232.460979779444 1504.7037464556602 1835.0480590424056],[1106 1629 1286 1710],0.5581439733505249,CE61MYL,0.238187761849664
1674,855.0,[921.9234981720253 1240.537609342814 1504.7763311017259 1841.2427806010492],[1111 1642 1282 1722],0.6053868532180786,CE61TYL,0.07309201812905403
1675,855.0,[921.7188234043012 1242.1136421606077 1504.2241134236558 1840.8910742653086],[1105 1648 1285 1723],0.495796799659729,CE61CYL,0.4349156733007449
1676,855.0,[918.5052775421502 1244.7810390300585 1502.6664432371456 1842.9834619153773],[1106 1650 1279 1729],0.5364877581596375,CE61WYL,0.25447870916321935
1677,855.0,[918.6246666517294 1250.8917476760457 1503.4341993013254 1847.5622239961658],[1107 1655 1281 1736],0.48413142561912537,CE61LYL,0.3127301204151917
1684,855.0,[892.9521843054658 1284.8835044531831 1485.8066134324213 1889.5046533619263],[1098 1690 1275 1771],0.6055555939674377,CE61CYL,0.4782987441913577
1687,855.0,[872.085602712377 1296.9317542858555 1476.4217580011887 1904.348477149588],[1083 1702 1258 1782],0.5236990451812744,CE61NYL,0.40471308132561984
1688,855.0,[867.0064849251294 1298.959032192089 1477.212664916463 1909.2794886506729],[1085 1707 1267 1789],0.5557658672332764,CE61LYL,0.31086350334300916
1692,855.0,[859.9695058320223 1306.291666263473 1472.9720860274174 1928.1846836711848],[1064 1728 1251 1812],0.6376526951789856,CE61LYL,0.5566314321803959
1695,855.0,[857.0076663874937 1312.4745716116872 1471.4139562910445 1944.3224483062272],[1062 1736 1253 1834],0.5721139907836914,CE61CYL,0.4388535796560734
1696,855.0,[856.0357747564336 1316.3622689183915 1469.4360691438078 1947.9200880338838],[1061 1744 1251 1837],0.5492972731590271,CE61WYL,0.17173987089906187
1700,855.0,[848.5655638780802 1337.179042069922 1469.7587446838882 1988.3626840260697],[1052 1760 1242 1848],0.5139819979667664,CE61WYL,0.2990291440117133
1701,855.0,[847.7796517686135 1342.5858085235243 1470.5475545600916 1995.9244247510712],[1055 1769 1242 1857],0.5672482252120972,CE61CYL,0.22426513176972723
1704,855.0,[838.2529799296146 1353.5440046847375 1468.296365311039 2013.6347167676922],[1048 1791 1238 1876],0.5449519157409668,CE61WYL,0.4494510730586461
1706,855.0,[833.9015756240083 1362.518925589218 1465.3494804442862 2022.7505686368806],[1035 1801 1222 1885],0.5612685680389404,CE61CYL,0.32080599546609506
1708,855.0,[827.0628789888724 1371.821137775024 1462.425366609391 2032.3778470501961],[1043 1805 1232 1895],0.5544439554214478,CE61MYL,0.4681777918311875
1714,855.0,[811.7060491253933 1392.2278526450596 1451.9928118430694 2058.5869630833477],[1019 1846 1214 1930],0.50953209400177,CE61LYL,0.4799859603726592
1715,855.0,[807.3798875842406 1394.6758384946927 1449.2657479617267 2065.84555967561],[1016 1851 1214 1939],0.5677569508552551,CE61LYL,0.32178847166563557
1716,855.0,[807.2951509759365 1396.6938230454437 1450.0707730971603 2072.4479955488127],[1010 1852 1210 1944],0.5556207895278931,CE61MYL,0.2685935562734637
1718,855.0,[802.6275588190165 1403.0755171813553 1446.8385620381464 2086.083477243847],[1010 1866 1208 1955],0.5856916308403015,CE51WYL,0.3628477720622772
1719,855.0,[794.6388861113937 1402.2726251032307 1445.3559189214538 2087.3162822964764],[1006 1876 1200 1964],0.5774310231208801,CE61NYL,0.31827162446747576
1721,855.0,[780.5187724527482 1413.1260830777037 1442.255779521763 2097.9372350916506],[1002 1884 1198 1970],0.5648664236068726,CE61WYL,0.4367190719735625
1722,855.0,[775.0383218367572 1422.5293498257197 1439.5875116453415 2105.235525843514],[1007 1893 1198 1981],0.5416247248649597,CE61VYL,0.18559370716483803
1726,855.0,[766.4762036140414 1451.0429346988512 1442.918109345921 2130.5701978095235],[989 1905 1189 2001],0.5966482162475586,CE61LYL,0.5622902301881472
1729,855.0,[761.6618936216541 1463.0067314106034 1433.2913677676502 2121.345441642082],[980 1920 1183 2030],0.5174111723899841,CE61LYL,0.6829311391048046
1730,855.0,[760.4040324251309 1468.272466102721 1430.4853581599846 2118.1051167682954],[980 1935 1183 2038],0.5458571910858154,CE61CYL,0.6316134571985563
1731,855.0,[750.3767993957465 1480.225273326349 1424.7433900272606 2132.775212772929],[973 1938 1177 2042],0.5730971693992615,CE61CYL,0.39210810370836396
1734,855.0,[748.7270920516899 1489.9762386337966 1422.7564138574267 2143.2670610358227],[968 1958 1182 2050],0.6087650060653687,CE61CYL,0.46473633152036464
1737,855.0,[746.713918180053 1496.886264399443 1418.547819763838 2147.2243198127394],[959 1982 1173 2073],0.5859754085540771,CE61WYL,0.35371834451333967
1738,855.0,[745.2919219124524 1502.2502036908877 1417.828008117643 2150.9480088618857],[957 1987 1161 2075],0.5705951452255249,CE51IYL,0.17985788613111564
1739,935.0,[2244.039746156737 887.3928343709805 2686.2902095474024 1382.3457681545037],[2414 1223 2556 1302],0.5105322003364563,SC56DTP,0.08946345467542666
1740,855.0,[737.8820428198187 1515.7577507857707 1418.2752885143504 2156.487722024159],[953 1993 1171 2090],0.6158204078674316,CE61WYL,0.4655277186414319
1772,935.0,[2261.394771209473 957.4360698636651 2727.7488519039425 1473.5734108755569],[2422 1319 2573 1399],0.4256637394428253,SC55DFP,0.3989155475187362
1780,935.0,[2264.882980590791 966.3882410057892 2735.671082727539 1502.5139356578097],[2429 1334 2582 1415],0.4608004689216614,SC56DYP,0.24614689398322798
